Workbook

Sheet اقرأني
A1: كيف تستخدمين هذا الملف
A2: 1) الخلايا الصفراء في ورقة Books هي التي تملئينها: التصنيف الموحّد، شهر الانتهاء، نوع النسخة، التقييم.
A3: 2) التصنيف الموحّد معبّأ مسبقًا لـ 40 كتابًا من تصنيفاتك الأصلية (ديني، غموض...). الـ 43 الباقية فارغة لتختاريها من القائمة.
A4: 3) ورقة Lists تحوي قائمة التصنيفات المقترحة؛ يمكنك تعديلها وتتغيّر القوائم تلقائيًا.
A5: 4) ورقة Summary تحسب الإحصاءات بصيغ تتحدّث وحدها.
A6: مثال لسطر مكتمل: لأنني أحبك | (المؤلف) | تصنيف أصلي: فارغ | التصنيف الموحّد: نفسي وتطوير ذات | 220 صفحة | شهر الانتهاء: 5 | نوع النسخة: ورقي | التقييم: 4
A7: مصدر البيانات: قائمة كتبك لعام 2026 (ملف Book.xlsx). التصنيف الموحّد المعبّأ مسبقًا مجرد توحيد لتسمياتك الأصلية.

Sheet Books
A1: العنوان | B1: المؤلف | C1: التصنيف الموحّد | D1: عدد الصفحات | E1: نوع النسخة | F1: التقييم (1-5)
A2: 17 قصة رعب | B2: عبد الوهاب السيد الرفاعي | C2: غموض ورعب | D2: 255 | E2: إلكتروني | F2: 3
A3: 18 قصة غريبة تحبس الأنفاس | B3: عبد الوهاب السيد الرفاعي | C3: غموض ورعب | D3: 141 | E3: إلكتروني | F3: 3
A4: أحببت وغداً | B4: عماد رشاد عثمان | C4: ديني | D4: 255 | E4: إلكتروني | F4: 3.5
A5: أربعون قصة تربوية من السيرة النبوية | B5: طالب بن عمر الكثيري | C5: ديني | D5: 215 | E5: إلكتروني | F5: 2
A6: أربعون | B6: أحمد الشقيري | C6: نفسي وتطوير ذات | D6: 273 | E6: ورقي | F6: 4
A7: أرض الله | B7: أيمن العتوم | C7: تاريخ وسير | D7: 530 | E7: إلكتروني | F7: 5
A8: اسمه أحمد | B8: أيمن العتوم | C8: تاريخ وسير | D8: 669 | E8: إلكتروني | F8: 5
A9: الأبعاد المجهولة_ الجزء الأول | B9: عبد الوهاب السيد الرفاعي | C9: غموض ورعب | D9: 153 | E9: إلكتروني | F9: 3
A10: الأبعاد المجهولة_ الجزء الثاني | B10: عبد الوهاب السيد الرفاعي | C10: غموض ورعب | D10: 92 | E10: إلكتروني | F10: 3
A11: الأبعاد المجهولة _ الجزء الثالث | B11: عبد الوهاب السيد الرفاعي | C11: غموض ورعب | D11: 112 | E11: إلكتروني | F11: 3
A12: الأدلة المادية على وجود الله | B12: محمد متولي الشعراوي | C12: ديني | D12: 134 | E12: إلكتروني | F12: 3
A13: التربية بالحوار | B13: عبد الكريم بكار | C13: تربوي | D13: 51 | E13: إلكتروني | F13: 2.5
... A84: يوم مشهود | B84: أيمن العتوم | C84: رواية | D84: 368 | E84: إلكتروني | F84: 5

Sheet Lists
A1: التصنيفات (عدّليها كما تريدين)
A2: رواية
A3: ديني
A4: تربوي
A5: نفسي وتطوير ذات
A6: غموض ورعب
A7: تاريخ وسير
A8: علمي وثقافي
A9: أخرى

Sheet Summary
A1: المؤشر | B1: القيمة
A2: عدد الكتب | B2: =COUNTA(Books!$A$2:$A$84) -> 83
A3: مجموع الصفحات | B3: =SUM(Books!$D$2:$D$84) -> 16938
A4: متوسط الصفحات | B4: =ROUND(AVERAGE(Books!$D$2:$D$84),0) -> 204
A5: وسيط الصفحات | B5: =MEDIAN(Books!$D$2:$D$84) -> 185
A6: عدد المؤلفين | B6: =SUMPRODUCT(1/COUNTIF(Books!$B$2:$B$84,Books!$B$2:$B$84)) -> 40
A7: أطول كتاب (صفحات) | B7: =MAX(Books!$D$2:$D$84) -> 669
A8: أقصر كتاب (صفحات) | B8: =MIN(Books!$D$2:$D$84) -> 17
A9: كتب لم تصنّف بعد | B9: =COUNTA(Books!$A$2:$A$84)-COUNTA(Books!$C$2:$C$84) -> 0
A10: نسبة غير المصنّف | B10: =B9/B2 -> 0
A12: توزيع التصنيفات
A13: التصنيف | B13: عدد الكتب | C13: الصفحات | D13: النسبة
A14: =Lists!A2 -> رواية | B14: =COUNTIF(Books!$C$2:$C$84,A14) -> 11 | C14: =SUMIF(Books!$C$2:$C$84,A14,Books!$D$2:$D$84) -> 2715 | D14: =IF($B$2=0,0,B14/$B$2) -> 0.13253012
A15: =Lists!A3 -> ديني | B15: =COUNTIF(Books!$C$2:$C$84,A15) -> 27 | C15: =SUMIF(Books!$C$2:$C$84,A15,Books!$D$2:$D$84) -> 4377 | D15: =IF($B$2=0,0,B15/$B$2) -> 0.3253012
A16: =Lists!A4 -> تربوي | B16: =COUNTIF(Books!$C$2:$C$84,A16) -> 1 | C16: =SUMIF(Books!$C$2:$C$84,A16,Books!$D$2:$D$84) -> 51 | D16: =IF($B$2=0,0,B16/$B$2) -> 0.012048193
A17: =Lists!A5 -> نفسي وتطوير ذات | B17: =COUNTIF(Books!$C$2:$C$84,A17) -> 10 | C17: =SUMIF(Books!$C$2:$C$84,A17,Books!$D$2:$D$84) -> 1813 | D17: =IF($B$2=0,0,B17/$B$2) -> 0.12048193
A18: =Lists!A6 -> غموض ورعب | B18: =COUNTIF(Books!$C$2:$C$84,A18) -> 24 | C18: =SUMIF(Books!$C$2:$C$84,A18,Books!$D$2:$D$84) -> 4866 | D18: =IF($B$2=0,0,B18/$B$2) -> 0.28915663
A19: =Lists!A7 -> تاريخ وسير | B19: =COUNTIF(Books!$C$2:$C$84,A19) -> 6 | C19: =SUMIF(Books!$C$2:$C$84,A19,Books!$D$2:$D$84) -> 2684 | D19: =IF($B$2=0,0,B19/$B$2) -> 0.072289157
A20: =Lists!A8 -> علمي وثقافي | B20: =COUNTIF(Books!$C$2:$C$84,A20) -> 4 | C20: =SUMIF(Books!$C$2:$C$84,A20,Books!$D$2:$D$84) -> 432 | D20: =IF($B$2=0,0,B20/$B$2) -> 0.048192771
A21: =Lists!A9 -> أخرى | B21: =COUNTIF(Books!$C$2:$C$84,A21) -> 0 | C21: =SUMIF(Books!$C$2:$C$84,A21,Books!$D$2:$D$84) -> 0 | D21: =IF($B$2=0,0,B21/$B$2) -> 0
A23: ملاحظة: الأرقام تتحدّث تلقائيًا بعد ملء عمود "التصنيف الموحّد" في ورقة Books.
