Workbook

Sheet الفهرس
A1: مشروع تحليل مبيعات — شركة الأفق للتجزئة
A2: ↩ الفهرس | B2: تحليل شامل لـ 1,500 عملية بيع خلال 12 شهراً — بيانات وهمية بالكامل لأغراض التدريب والعرض
A4: عدد السجلات | B4: إجمالي الإيراد (ريال) | C4: إجمالي الربح (ريال) | D4: درجة جودة البيانات
A5: =ROWS(d_Order) -> 1500 | B5: =SUM(d_Rev) -> 2136589.5 | C5: =SUM(d_Profit) -> 715514.5 | D5: ='جودة البيانات'!B3 -> 1
A7: فهرس الأوراق (اضغط على الاسم للانتقال)
A8: # | B8: الورقة | C8: ماذا تجد فيها؟ | D8: أبرز مهارات Excel
A9: 1 | B9: لوحة المؤشرات | C9: لوحة تفاعلية: 6 مؤشرات رئيسية و4 رسوم تتغير بفلاتر المنطقة/الفئة/القناة | D9: قوائم منسدلة، SUMIFS/COUNTIFS بمعايير متعددة، بطاقات KPI، رسوم مركّبة
A10: 2 | B10: الرؤى والتوصيات | C10: 12 نتيجة و6 توصيات تُكتب تلقائياً من الأرقام | D10: نصوص ديناميكية: TEXT، INDEX/MATCH، التجميع بين الأوراق
A11: 3 | B11: تحليل الزمن | C11: النمو الشهري، المتوسط المتحرك، مؤشر الموسمية، الأرباع، أيام الأسبوع | D11: EDATE، RANK، SUMPRODUCT+WEEKDAY، Icon Sets، Color Scales، Data Bars
A12: 4 | B12: الفئات والمناطق | C12: الفئات والمناطق والقنوات + مصفوفة الإيراد وخريطة حرارية للهامش | D12: جداول محورية بالصيغ، AVERAGEIFS، رسم مُكدّس ودائري
A13: 5 | B13: تحليل المنتجات | C13: ترتيب المنتجات، تصنيف الأداء، باريتو ABC، المبعثر | D13: RANK مع كسر التعادل، INDEX/MATCH، رسم باريتو بمحور ثانوي، Scatter
A14: 6 | B14: تحليل العملاء | C14: تقسيم RFM لـ 200 عميل، أفضل 10 عملاء، حسب النوع | D14: QUARTILE، IF المتداخلة، SUMPRODUCT(MAX)، فلتر تلقائي
A15: 7 | B15: الموظفون | C15: أهداف الموظفين، التحقيق، شرائح الحوافز والعمولات | D15: VLOOKUP التقريبي، مدخلات قابلة للتعديل، رسوم أعمدة
A16: 8 | B16: الأهداف | C16: خطة شهرية بأوزان موسمية، تحقيق تراكمي، أهداف إقليمية | D16: إشارات المرور، حالات نصية ملوّنة، تراكمي
A17: 9 | B17: الإحصاء والتنبؤ | C17: إحصاء وصفي، مدرج تكراري، ارتباط وانحدار، تنبؤ 3 أشهر | D17: STDEV، SKEW، KURT، CONFIDENCE، CORREL، SLOPE، FORECAST، STEYX
A18: 10 | B18: السيناريوهات | C18: 4 سيناريوهات، جدول حساسية، أثر السيناريو على الفئات | D18: What-If، INDEX/MATCH للسيناريو المختار، مقياس لوني بنقطة وسط
A19: 11 | B19: جودة البيانات | C19: 12 فحصاً للجودة + تسوية الإيراد بين 8 أوراق | D19: COUNTIF، SUMPRODUCT، ISNA+MATCH، حالات سليم/مراجعة
A20: 12 | B20: البيانات | C20: 1,500 سطر مبيعات (جدول Excel) بأعمدة محسوبة | D20: جدول tblSales، أسماء معرّفة، تحقق من البيانات، تجميد، تلوين المرتجعات
... A22: 14 | B22: العملاء | C22: سجل 200 عميل بالنوع والمدينة والمنطقة | D22: فلتر تلقائي، أسماء معرّفة
A25: دليل الألوان
A26: 1,250 | B26: خط أزرق + خلفية صفراء = مدخل/افتراض قابل للتعديل
A27: 1,250 | B27: خط أسود = صيغة محسوبة (لا تكتب فوقها)
A28: سليم | B28: أخضر = تحقق/نتيجة جيدة
A29: مراجعة | B29: أحمر/برتقالي = تحتاج انتباهاً
A31: كيف تستخدم المشروع؟
A32: 1) ابدأ من «لوحة المؤشرات» وغيّر الفلاتر الصفراء لترى الأرقام والرسوم تتبدل فوراً.
A33: 2) اقرأ «الرؤى والتوصيات» ثم انتقل لورقة التحليل التي تهمّك للتفاصيل.
A34: 3) جرّب «السيناريوهات»: عدّل التغيّر في السعر والحجم والتكلفة واختر السيناريو من القائمة.
A35: 4) أضف أسطراً جديدة في جدول «البيانات» (الصيغ تمتد تلقائياً)، وعدّل الأسماء المعرّفة إن لزم.
A36: 5) راجع «جودة البيانات» دائماً للتأكد من تطابق الإجماليات.
A38: ملاحظات
A39: • كل البيانات وهمية (أسماء، أرقام، أهداف، عمولات) وولّدت بخوارزمية عشوائية ثابتة؛ لا تمثل أي شركة حقيقية.
A40: • الأهداف والمصروفات التشغيلية افتراضات للعرض وموثّقة بتعليقات على خلاياها (الخلايا الصفراء).
A41: • لا تستخدم المشروع دوال حديثة (XLOOKUP/FILTER) ليعمل على كل إصدارات Excel 2010 فما فوق.

Sheet لوحة المؤشرات
A1: ↩ | B1: لوحة مؤشرات الأداء — شركة الأفق للتجزئة
B2: ="الفترة: "&TEXT(MIN(d_Date),"yyyy/mm/dd")&" ← "&TEXT(MAX(d_Date),"yyyy/mm/dd")&" | السجلات: "&TEXT(ROWS(d_Order),"#,##0")&" | لوحة تفاعلية: غيّر الفلاتر من الخلايا الصفراء" -> الفترة: 2025/10/01 ← 2026/09/30 | السجلات: 1,500 | لوحة تفاعلية: غيّر الفلاتر من الخلايا الصفراء
O3: معايير الفلاتر (آلي)
B4: المنطقة | C4: الكل | E4: الفئة | F4: الكل | I4: القناة | J4: الكل | O4: =IF($C$4="الكل","*",$C$4) -> * | P4: المنطقة
O5: =IF($F$4="الكل","*",$F$4) -> * | P5: الفئة
B6: الإيراد الصافي (ريال) | D6: الربح (ريال) | F6: الطلبات المكتملة | H6: الوحدات المباعة | J6: معدل المرتجعات | L6: تحقيق الهدف السنوي | O6: =IF($J$4="الكل","*",$J$4) -> * | P6: القناة
B7: =SUMIFS(d_Rev,d_Region,$O$4,d_Cat,$O$5,d_Channel,$O$6) -> 2136589.5 | D7: =SUMIFS(d_Profit,d_Region,$O$4,d_Cat,$O$5,d_Channel,$O$6) -> 715514.5 | F7: =COUNTIFS(d_Region,$O$4,d_Cat,$O$5,d_Channel,$O$6,d_Status,"مكتمل") -> 1434 | H7: =SUMIFS(d_Qty,d_Region,$O$4,d_Cat,$O$5,d_Channel,$O$6,d_Status,"مكتمل") -> 4146 | J7: =IFERROR(COUNTIFS(d_Region,$O$4,d_Cat,$O$5,d_Channel,$O$6,d_Status,"مرتجع")/COUNTIFS(d_Region,$O$4,d_Cat,$O$5,d_Channel,$O$6),0) -> 0.044 | L7: =IFERROR(SUM(d_Rev)/الأهداف!B4,0) -> 0.9624277
B8: ="حصة من الشركة: "&TEXT(IFERROR(B7/SUM(d_Rev),0),"0.0%") -> حصة من الشركة: 100.0% | D8: ="هامش الربح: "&TEXT(IFERROR(D7/B7,0),"0.0%") -> هامش الربح: 33.5% | F8: ="متوسط الطلب: "&TEXT(IFERROR(B7/F7,0),"#,##0")&" ريال" -> متوسط الطلب: 1,490 ريال | H8: ="وحدات/طلب: "&TEXT(IFERROR(H7/F7,0),"0.0") -> وحدات/طلب: 2.9 | J8: ="عدد المرتجعات: "&COUNTIFS(d_Region,$O$4,d_Cat,$O$5,d_Channel,$O$6,d_Status,"مرتجع") -> عدد المرتجعات: 66 | L8: ="الهدف: "&TEXT(الأهداف!B4,"#,##0") -> الهدف: 2,220,000
B42: جداول مصدر الرسوم (تتأثر بالفلاتر أعلاه)
B43: بداية الفترة | C43: الشهر | D43: الإيراد | E43: الربح | G43: الفئة | H43: الإيراد | I43: الربح | K43: القناة | L43: الإيراد
B44: ='تحليل الزمن'!A5 -> 45931 | C44: =TEXT(B44,"yyyy-mm") -> 2025-10 | D44: =SUMIFS(d_Rev,d_Period,$B44,d_Region,$O$4,d_Cat,$O$5,d_Channel,$O$6) -> 186629.5 | E44: =SUMIFS(d_Profit,d_Period,$B44,d_Region,$O$4,d_Cat,$O$5,d_Channel,$O$6) -> 66799.5 | G44: إلكترونيات | H44: =SUMIFS(d_Rev,d_Cat,$G44,d_Region,$O$4,d_Channel,$O$6) -> 524652.5 | I44: =SUMIFS(d_Profit,d_Cat,$G44,d_Region,$O$4,d_Channel,$O$6) -> 123282.5 | K44: متجر | L44: =SUMIFS(d_Rev,d_Channel,$K44,d_Region,$O$4,d_Cat,$O$5) -> 844286.5
B45: ='تحليل الزمن'!A6 -> 45962 | C45: =TEXT(B45,"yyyy-mm") -> 2025-11 | D45: =SUMIFS(d_Rev,d_Period,$B45,d_Region,$O$4,d_Cat,$O$5,d_Channel,$O$6) -> 211433 | E45: =SUMIFS(d_Profit,d_Period,$B45,d_Region,$O$4,d_Cat,$O$5,d_Channel,$O$6) -> 65588 | G45: أجهزة منزلية | H45: =SUMIFS(d_Rev,d_Cat,$G45,d_Region,$O$4,d_Channel,$O$6) -> 260789 | I45: =SUMIFS(d_Profit,d_Cat,$G45,d_Region,$O$4,d_Channel,$O$6) -> 83319 | K45: أونلاين | L45: =SUMIFS(d_Rev,d_Channel,$K45,d_Region,$O$4,d_Cat,$O$5) -> 830453.5
B46: ='تحليل الزمن'!A7 -> 45992 | C46: =TEXT(B46,"yyyy-mm") -> 2025-12 | D46: =SUMIFS(d_Rev,d_Period,$B46,d_Region,$O$4,d_Cat,$O$5,d_Channel,$O$6) -> 183489.5 | E46: =SUMIFS(d_Profit,d_Period,$B46,d_Region,$O$4,d_Cat,$O$5,d_Channel,$O$6) -> 66759.5 | G46: أثاث | H46: =SUMIFS(d_Rev,d_Cat,$G46,d_Region,$O$4,d_Channel,$O$6) -> 583692.5 | I46: =SUMIFS(d_Profit,d_Cat,$G46,d_Region,$O$4,d_Channel,$O$6) -> 219682.5 | K46: جملة | L46: =SUMIFS(d_Rev,d_Channel,$K46,d_Region,$O$4,d_Cat,$O$5) -> 461849.5
B47: ='تحليل الزمن'!A8 -> 46023 | C47: =TEXT(B47,"yyyy-mm") -> 2026-01 | D47: =SUMIFS(d_Rev,d_Period,$B47,d_Region,$O$4,d_Cat,$O$5,d_Channel,$O$6) -> 168383.5 | E47: =SUMIFS(d_Profit,d_Period,$B47,d_Region,$O$4,d_Cat,$O$5,d_Channel,$O$6) -> 58283.5 | G47: مستلزمات مكتبية | H47: =SUMIFS(d_Rev,d_Cat,$G47,d_Region,$O$4,d_Channel,$O$6) -> 333618.5 | I47: =SUMIFS(d_Profit,d_Cat,$G47,d_Region,$O$4,d_Channel,$O$6) -> 107613.5
B48: ='تحليل الزمن'!A9 -> 46054 | C48: =TEXT(B48,"yyyy-mm") -> 2026-02 | D48: =SUMIFS(d_Rev,d_Period,$B48,d_Region,$O$4,d_Cat,$O$5,d_Channel,$O$6) -> 221778.5 | E48: =SUMIFS(d_Profit,d_Period,$B48,d_Region,$O$4,d_Cat,$O$5,d_Channel,$O$6) -> 77368.5 | G48: رياضة | H48: =SUMIFS(d_Rev,d_Cat,$G48,d_Region,$O$4,d_Channel,$O$6) -> 187066 | I48: =SUMIFS(d_Profit,d_Cat,$G48,d_Region,$O$4,d_Channel,$O$6) -> 64256 | K48: المنطقة | L48: الإيراد
B49: ='تحليل الزمن'!A10 -> 46082 | C49: =TEXT(B49,"yyyy-mm") -> 2026-03 | D49: =SUMIFS(d_Rev,d_Period,$B49,d_Region,$O$4,d_Cat,$O$5,d_Channel,$O$6) -> 157027.5 | E49: =SUMIFS(d_Profit,d_Period,$B49,d_Region,$O$4,d_Cat,$O$5,d_Channel,$O$6) -> 52987.5 | G49: عناية شخصية | H49: =SUMIFS(d_Rev,d_Cat,$G49,d_Region,$O$4,d_Channel,$O$6) -> 246771 | I49: =SUMIFS(d_Profit,d_Cat,$G49,d_Region,$O$4,d_Channel,$O$6) -> 117361 | K49: الوسطى | L49: =SUMIFS(d_Rev,d_Region,$K49,d_Cat,$O$5,d_Channel,$O$6) -> 692926.5
B50: ='تحليل الزمن'!A11 -> 46113 | C50: =TEXT(B50,"yyyy-mm") -> 2026-04 | D50: =SUMIFS(d_Rev,d_Period,$B50,d_Region,$O$4,d_Cat,$O$5,d_Channel,$O$6) -> 166026.5 | E50: =SUMIFS(d_Profit,d_Period,$B50,d_Region,$O$4,d_Cat,$O$5,d_Channel,$O$6) -> 51891.5 | K50: الغربية | L50: =SUMIFS(d_Rev,d_Region,$K50,d_Cat,$O$5,d_Channel,$O$6) -> 565303
B51: ='تحليل الزمن'!A12 -> 46143 | C51: =TEXT(B51,"yyyy-mm") -> 2026-05 | D51: =SUMIFS(d_Rev,d_Period,$B51,d_Region,$O$4,d_Cat,$O$5,d_Channel,$O$6) -> 204552.5 | E51: =SUMIFS(d_Profit,d_Period,$B51,d_Region,$O$4,d_Cat,$O$5,d_Channel,$O$6) -> 71347.5 | K51: الشرقية | L51: =SUMIFS(d_Rev,d_Region,$K51,d_Cat,$O$5,d_Channel,$O$6) -> 499447
B52: ='تحليل الزمن'!A13 -> 46174 | C52: =TEXT(B52,"yyyy-mm") -> 2026-06 | D52: =SUMIFS(d_Rev,d_Period,$B52,d_Region,$O$4,d_Cat,$O$5,d_Channel,$O$6) -> 165984 | E52: =SUMIFS(d_Profit,d_Period,$B52,d_Region,$O$4,d_Cat,$O$5,d_Channel,$O$6) -> 51139 | K52: الجنوبية | L52: =SUMIFS(d_Rev,d_Region,$K52,d_Cat,$O$5,d_Channel,$O$6) -> 378913
B53: ='تحليل الزمن'!A14 -> 46204 | C53: =TEXT(B53,"yyyy-mm") -> 2026-07 | D53: =SUMIFS(d_Rev,d_Period,$B53,d_Region,$O$4,d_Cat,$O$5,d_Channel,$O$6) -> 137862.5 | E53: =SUMIFS(d_Profit,d_Period,$B53,d_Region,$O$4,d_Cat,$O$5,d_Channel,$O$6) -> 47002.5
B54: ='تحليل الزمن'!A15 -> 46235 | C54: =TEXT(B54,"yyyy-mm") -> 2026-08 | D54: =SUMIFS(d_Rev,d_Period,$B54,d_Region,$O$4,d_Cat,$O$5,d_Channel,$O$6) -> 153928.5 | E54: =SUMIFS(d_Profit,d_Period,$B54,d_Region,$O$4,d_Cat,$O$5,d_Channel,$O$6) -> 49338.5
B55: ='تحليل الزمن'!A16 -> 46266 | C55: =TEXT(B55,"yyyy-mm") -> 2026-09 | D55: =SUMIFS(d_Rev,d_Period,$B55,d_Region,$O$4,d_Cat,$O$5,d_Channel,$O$6) -> 179494 | E55: =SUMIFS(d_Profit,d_Period,$B55,d_Region,$O$4,d_Cat,$O$5,d_Channel,$O$6) -> 57009

Sheet الرؤى والتوصيات
A1: الرؤى والتوصيات (نصوص ديناميكية)
A2: ↩ الفهرس | B2: كل جملة هنا صيغة حيّة؛ تتحدث تلقائياً عند تغيير البيانات أو الافتراضات
A4: أولاً: أبرز النتائج
A5: # | B5: النتيجة | C5: المصدر
A6: 1 | B6: ="أقوى الأشهر مبيعاً "&INDEX('تحليل الزمن'!B5:B16,MATCH(1,'تحليل الزمن'!K5:K16,0))&" بإيراد "&TEXT(MAX('تحليل الزمن'!C5:C16),"#,##0")&" ريال، وأضعفها "&INDEX('تحليل الزمن'!B5:B16,MATCH(12,'تحليل الزمن'!K5:K16,0))&" بإيراد "&TEXT(MIN('تحليل الزمن'!C5:C16),"#,##0")&" ريال؛ أي أن الذروة تعادل "&TEXT(MAX('تحليل الزمن'!C5:C16)/MIN('تحليل الزمن'!C5:C16),"0.0")&" أضعاف القاع." -> أقوى الأشهر مبيعاً فبراير 2026 بإيراد 221,779 ريال، وأضعفها يوليو 2026 بإيراد 137,863 ريال؛ أي أن الذروة تعادل 1.6 أضعاف القاع. | C6: تحليل الزمن
A7: 2 | B7: ="إجمالي الإيراد "&TEXT('تحليل الزمن'!C17,"#,##0")&" ريال بهامش ربح "&TEXT('تحليل الزمن'!E17,"0.0%")&"، ويتغيّر الاتجاه الخطي بمقدار "&TEXT('الإحصاء والتنبؤ'!B58,"+#,##0;-#,##0")&" ريال شهرياً (R² = "&TEXT('الإحصاء والتنبؤ'!B59,"0.00")&")." -> إجمالي الإيراد 2,136,590 ريال بهامش ربح 33.5%، ويتغيّر الاتجاه الخطي بمقدار -3,392 ريال شهرياً (R² = 0.24). | C7: الإحصاء والتنبؤ
A8: 3 | B8: ="فئة «"&INDEX('الفئات والمناطق'!A6:A11,MATCH(1,'الفئات والمناطق'!H6:H11,0))&"» تتصدر بحصة "&TEXT(MAX('الفئات والمناطق'!C6:C11),"0.0%")&" من الإيراد، بينما أعلى هامش ربح لدى فئة «"&INDEX('الفئات والمناطق'!A6:A11,MATCH(MAX('الفئات والمناطق'!E6:E11),'الفئات والمناطق'!E6:E11,0))&"» ("&TEXT(MAX('الفئات والمناطق'!E6:E11),"0.0%")&")." -> فئة «أثاث» تتصدر بحصة 27.3% من الإيراد، بينما أعلى هامش ربح لدى فئة «عناية شخصية» (47.6%). | C8: الفئات والمناطق
A9: 4 | B9: ="منطقة "&INDEX('الفئات والمناطق'!A16:A19,MATCH(1,'الفئات والمناطق'!H16:H19,0))&" الأولى بحصة "&TEXT(MAX('الفئات والمناطق'!C16:C19),"0.0%")&"، وأعلى المناطق ربحية "&INDEX('الفئات والمناطق'!A16:A19,MATCH(MAX('الفئات والمناطق'!E16:E19),'الفئات والمناطق'!E16:E19,0))&" بهامش "&TEXT(MAX('الفئات والمناطق'!E16:E19),"0.0%")&"." -> منطقة الوسطى الأولى بحصة 32.4%، وأعلى المناطق ربحية الجنوبية بهامش 34.6%. | C9: الفئات والمناطق
A10: 5 | B10: ="منتج «"&'تحليل المنتجات'!L6&"» الأعلى إيراداً ("&TEXT('تحليل المنتجات'!N6,"0.0%")&")؛ وتضم الفئة A "&'تحليل المنتجات'!L33&" من أصل "&ROWS('تحليل المنتجات'!L6:L29)&" منتجاً تحقق نحو "&TEXT('تحليل المنتجات'!N33,"0%")&" من الإيراد (تحليل باريتو)." -> منتج «مكتب عمل» الأعلى إيراداً (11.4%)؛ وتضم الفئة A 16 من أصل 24 منتجاً تحقق نحو 82% من الإيراد (تحليل باريتو). | C10: تحليل المنتجات
A11: 6 | B11: ="عدد المنتجات ذات الحجم المرتفع والهامش الأقل من المتوسط: "&COUNTIF('تحليل المنتجات'!I6:I29,"حجم بلا ربحية")&"، وعدد المنتجات ذات الهامش الجيد والمبيعات المحدودة (فرص نمو): "&COUNTIF('تحليل المنتجات'!I6:I29,"فرصة نمو")&"." -> عدد المنتجات ذات الحجم المرتفع والهامش الأقل من المتوسط: 4، وعدد المنتجات ذات الهامش الجيد والمبيعات المحدودة (فرص نمو): 11. | C11: تحليل المنتجات
A12: 7 | B12: ="أكبر 10 عملاء يمثلون "&TEXT(SUM('تحليل العملاء'!K6:K15),"0.0%")&" من الإيراد؛ وتضم شريحة الأبطال "&'تحليل العملاء'!B12&" عميلاً بحصة "&TEXT('تحليل العملاء'!D12,"0.0%")&"، مقابل "&'تحليل العملاء'!B16&" عميلاً نائماً." -> أكبر 10 عملاء يمثلون 30.4% من الإيراد؛ وتضم شريحة الأبطال 61 عميلاً بحصة 66.3%، مقابل 27 عميلاً نائماً. | C12: تحليل العملاء
A13: 8 | B13: ="معدل المرتجعات "&TEXT('الفئات والمناطق'!I12,"0.0%")&"، وأعلاها في قناة "&INDEX('الفئات والمناطق'!A24:A26,MATCH(MAX('الفئات والمناطق'!I24:I26),'الفئات والمناطق'!I24:I26,0))&" ("&TEXT(MAX('الفئات والمناطق'!I24:I26),"0.0%")&")." -> معدل المرتجعات 4.4%، وأعلاها في قناة أونلاين (6.5%). | C13: الفئات والمناطق
A14: 9 | B14: ="ارتباط الخصم بهامش الربح "&TEXT('الإحصاء والتنبؤ'!B30,"0.00")&" — "&'الإحصاء والتنبؤ'!C30&"؛ كل 10 نقاط خصم إضافية تقلّص الهامش بنحو "&TEXT(-'الإحصاء والتنبؤ'!B31*10,"0.0")&" نقطة مئوية." -> ارتباط الخصم بهامش الربح -0.41 — متوسط (عكسي)؛ كل 10 نقاط خصم إضافية تقلّص الهامش بنحو 7.3 نقطة مئوية. | C14: الإحصاء والتنبؤ
A15: 10 | B15: ="تحقق الهدف السنوي بنسبة "&TEXT(الأهداف!G21,"0.0%")&"، وحقق "&COUNTIF(الأهداف!H9:H20,"تحقق")&" أشهر من 12 هدفها؛ وأعلى المناطق تحقيقاً "&INDEX(الأهداف!A26:A29,MATCH(MAX(الأهداف!E26:E29),الأهداف!E26:E29,0))&"." -> تحقق الهدف السنوي بنسبة 96.2%، وحقق 6 أشهر من 12 هدفها؛ وأعلى المناطق تحقيقاً الجنوبية. | C15: الأهداف
A16: 11 | B16: ="أفضل موظف إيراداً "&INDEX(الموظفون!B5:B14,MATCH(1,الموظفون!J5:J14,0))&"، وأعلى نسبة تحقيق "&TEXT(MAX(الموظفون!F5:F14),"0.0%")&" لدى "&INDEX(الموظفون!B5:B14,MATCH(MAX(الموظفون!F5:F14),الموظفون!F5:F14,0))&"؛ وإجمالي العمولات "&TEXT(الموظفون!M15,"#,##0")&" ريال." -> أفضل موظف إيراداً عبدالرحمن السالم، وأعلى نسبة تحقيق 117.3% لدى شهد الكعبي؛ وإجمالي العمولات 45,621 ريال. | C16: الموظفون
A17: 12 | B17: ="تنبؤ الأشهر الثلاثة القادمة: "&TEXT('الإحصاء والتنبؤ'!B60,"#,##0")&" ريال (موسمي) مقابل "&TEXT('الإحصاء والتنبؤ'!B61,"#,##0")&" ريال (خطي)." -> تنبؤ الأشهر الثلاثة القادمة: 581,552 ريال (موسمي) مقابل 457,829 ريال (خطي). | C17: الإحصاء والتنبؤ
A18: 13 | B18: ="درجة جودة البيانات "&TEXT('جودة البيانات'!B3,"0%")&" ومطابقة الإجماليات بين الأوراق "&IF(COUNTIF('جودة البيانات'!D21:D28,"مراجعة")=0,"سليمة تماماً","تحتاج مراجعة")&"." -> درجة جودة البيانات 100% ومطابقة الإجماليات بين الأوراق سليمة تماماً. | C18: جودة البيانات
A20: ثانياً: التوصيات التنفيذية
A21: # | B21: التوصية | C21: المصدر
A22: 1 | B22: ="ضاعف المخزون والحملات قبل موسم "&INDEX('تحليل الزمن'!B5:B16,MATCH(1,'تحليل الزمن'!K5:K16,0))&"، وفعّل عروضاً محفِّزة في "&INDEX('تحليل الزمن'!B5:B16,MATCH(12,'تحليل الزمن'!K5:K16,0))&" لتقليص الفجوة الموسمية." -> ضاعف المخزون والحملات قبل موسم فبراير 2026، وفعّل عروضاً محفِّزة في يوليو 2026 لتقليص الفجوة الموسمية. | C22: تحليل الزمن
A23: 2 | B23: ="أبقِ منتجات الفئة A (عددها "&'تحليل المنتجات'!L33&") في أولوية التوريد، وراجع تسعير أو تكلفة منتجات «حجم بلا ربحية»." -> أبقِ منتجات الفئة A (عددها 16) في أولوية التوريد، وراجع تسعير أو تكلفة منتجات «حجم بلا ربحية». | C23: تحليل المنتجات
A24: 3 | B24: ="ضع سقفاً للخصم خارج المواسم؛ فالخصومات الأعلى تضغط الهامش بوضوح (ارتباط "&TEXT('الإحصاء والتنبؤ'!B30,"0.00")&")." -> ضع سقفاً للخصم خارج المواسم؛ فالخصومات الأعلى تضغط الهامش بوضوح (ارتباط -0.41). | C24: الإحصاء والتنبؤ
A25: 4 | B25: ="أطلق برنامج احتفاظ لشريحة «معرضون للفقد» ("&'تحليل العملاء'!B15&" عميلاً) وحملة إعادة تنشيط للنائمين ("&'تحليل العملاء'!B16&")." -> أطلق برنامج احتفاظ لشريحة «معرضون للفقد» (28 عميلاً) وحملة إعادة تنشيط للنائمين (27). | C25: تحليل العملاء
A26: 5 | B26: ="قلّص المرتجعات في قناة "&INDEX('الفئات والمناطق'!A24:A26,MATCH(MAX('الفئات والمناطق'!I24:I26),'الفئات والمناطق'!I24:I26,0))&" بتحسين الوصف والتغليف وسياسة الاستبدال." -> قلّص المرتجعات في قناة أونلاين بتحسين الوصف والتغليف وسياسة الاستبدال. | C26: الفئات والمناطق
A27: 6 | B27: ="ادعم أقل المناطق تحقيقاً ("&INDEX(الأهداف!A26:A29,MATCH(MIN(الأهداف!E26:E29),الأهداف!E26:E29,0))&") وراجع أهداف الموظفين دون "&TEXT(الأهداف!B5,"0%")&" من الهدف." -> ادعم أقل المناطق تحقيقاً (الشرقية) وراجع أهداف الموظفين دون 90% من الهدف. | C27: الأهداف

Sheet تحليل الزمن
A1: تحليل الاتجاه الزمني للمبيعات
A2: ↩ الفهرس | B2: الإيراد الشهري والربع سنوي، النمو، المتوسط المتحرك، مؤشر الموسمية، وأداء أيام الأسبوع
A3: أولاً: الأداء الشهري
A4: بداية الفترة | B4: الشهر | C4: الإيراد (ريال) | D4: الربح (ريال) | E4: هامش الربح | F4: الطلبات المكتملة | G4: النمو الشهري | H4: الإيراد التراكمي | I4: متوسط متحرك 3 أشهر | J4: مؤشر الموسمية | K4: ترتيب الشهر | L4: حصة الشهر
A5: =DATE(YEAR(MIN(d_Date)),MONTH(MIN(d_Date)),1) -> 45931 | B5: =CHOOSE(MONTH(A5),"يناير","فبراير","مارس","أبريل","مايو","يونيو","يوليو","أغسطس","سبتمبر","أكتوبر","نوفمبر","ديسمبر")&" "&YEAR(A5) -> أكتوبر 2025 | C5: =SUMIFS(d_Rev,d_Period,$A5) -> 186629.5 | D5: =SUMIFS(d_Profit,d_Period,$A5) -> 66799.5 | E5: =IFERROR(D5/C5,0) -> 0.35792573 | F5: =COUNTIFS(d_Period,$A5,d_Status,"مكتمل") -> 114 | G5: — | H5: =SUM($C$5:C5) -> 186629.5 | I5: =AVERAGE($C$5:C5) -> 186629.5 | J5: =IFERROR(C5/AVERAGE($C$5:$C$16),0) -> 1.0481911 | K5: =RANK(C5,$C$5:$C$16) -> 4 | L5: =IFERROR(C5/$C$17,0) -> 0.087349255
A6: =EDATE(A5,1) -> 45962 | B6: =CHOOSE(MONTH(A6),"يناير","فبراير","مارس","أبريل","مايو","يونيو","يوليو","أغسطس","سبتمبر","أكتوبر","نوفمبر","ديسمبر")&" "&YEAR(A6) -> نوفمبر 2025 | C6: =SUMIFS(d_Rev,d_Period,$A6) -> 211433 | D6: =SUMIFS(d_Profit,d_Period,$A6) -> 65588 | E6: =IFERROR(D6/C6,0) -> 0.31020702 | F6: =COUNTIFS(d_Period,$A6,d_Status,"مكتمل") -> 165 | G6: =IFERROR(C6/C5-1,0) -> 0.13290235 | H6: =SUM($C$5:C6) -> 398062.5 | I6: =AVERAGE($C$5:C6) -> 199031.25 | J6: =IFERROR(C6/AVERAGE($C$5:$C$16),0) -> 1.1874981 | K6: =RANK(C6,$C$5:$C$16) -> 2 | L6: =IFERROR(C6/$C$17,0) -> 0.098958176
A7: =EDATE(A6,1) -> 45992 | B7: =CHOOSE(MONTH(A7),"يناير","فبراير","مارس","أبريل","مايو","يونيو","يوليو","أغسطس","سبتمبر","أكتوبر","نوفمبر","ديسمبر")&" "&YEAR(A7) -> ديسمبر 2025 | C7: =SUMIFS(d_Rev,d_Period,$A7) -> 183489.5 | D7: =SUMIFS(d_Profit,d_Period,$A7) -> 66759.5 | E7: =IFERROR(D7/C7,0) -> 0.36383281 | F7: =COUNTIFS(d_Period,$A7,d_Status,"مكتمل") -> 134 | G7: =IFERROR(C7/C6-1,0) -> -0.13216243 | H7: =SUM($C$5:C7) -> 581552 | I7: =AVERAGE(C5:C7) -> 193850.67 | J7: =IFERROR(C7/AVERAGE($C$5:$C$16),0) -> 1.0305555 | K7: =RANK(C7,$C$5:$C$16) -> 5 | L7: =IFERROR(C7/$C$17,0) -> 0.085879623
A8: =EDATE(A7,1) -> 46023 | B8: =CHOOSE(MONTH(A8),"يناير","فبراير","مارس","أبريل","مايو","يونيو","يوليو","أغسطس","سبتمبر","أكتوبر","نوفمبر","ديسمبر")&" "&YEAR(A8) -> يناير 2026 | C8: =SUMIFS(d_Rev,d_Period,$A8) -> 168383.5 | D8: =SUMIFS(d_Profit,d_Period,$A8) -> 58283.5 | E8: =IFERROR(D8/C8,0) -> 0.34613546 | F8: =COUNTIFS(d_Period,$A8,d_Status,"مكتمل") -> 120 | G8: =IFERROR(C8/C7-1,0) -> -0.082326237 | H8: =SUM($C$5:C8) -> 749935.5 | I8: =AVERAGE(C6:C8) -> 187768.67 | J8: =IFERROR(C8/AVERAGE($C$5:$C$16),0) -> 0.94571372 | K8: =RANK(C8,$C$5:$C$16) -> 7 | L8: =IFERROR(C8/$C$17,0) -> 0.078809477
A9: =EDATE(A8,1) -> 46054 | B9: =CHOOSE(MONTH(A9),"يناير","فبراير","مارس","أبريل","مايو","يونيو","يوليو","أغسطس","سبتمبر","أكتوبر","نوفمبر","ديسمبر")&" "&YEAR(A9) -> فبراير 2026 | C9: =SUMIFS(d_Rev,d_Period,$A9) -> 221778.5 | D9: =SUMIFS(d_Profit,d_Period,$A9) -> 77368.5 | E9: =IFERROR(D9/C9,0) -> 0.34885483 | F9: =COUNTIFS(d_Period,$A9,d_Status,"مكتمل") -> 117 | G9: =IFERROR(C9/C8-1,0) -> 0.31710352 | H9: =SUM($C$5:C9) -> 971714 | I9: =AVERAGE(C7:C9) -> 191217.17 | J9: =IFERROR(C9/AVERAGE($C$5:$C$16),0) -> 1.2456029 | K9: =RANK(C9,$C$5:$C$16) -> 1 | L9: =IFERROR(C9/$C$17,0) -> 0.10380024
A10: =EDATE(A9,1) -> 46082 | B10: =CHOOSE(MONTH(A10),"يناير","فبراير","مارس","أبريل","مايو","يونيو","يوليو","أغسطس","سبتمبر","أكتوبر","نوفمبر","ديسمبر")&" "&YEAR(A10) -> مارس 2026 | C10: =SUMIFS(d_Rev,d_Period,$A10) -> 157027.5 | D10: =SUMIFS(d_Profit,d_Period,$A10) -> 52987.5 | E10: =IFERROR(D10/C10,0) -> 0.33744089 | F10: =COUNTIFS(d_Period,$A10,d_Status,"مكتمل") -> 119 | G10: =IFERROR(C10/C9-1,0) -> -0.29196248 | H10: =SUM($C$5:C10) -> 1128741.5 | I10: =AVERAGE(C8:C10) -> 182396.5 | J10: =IFERROR(C10/AVERAGE($C$5:$C$16),0) -> 0.88193357 | K10: =RANK(C10,$C$5:$C$16) -> 10 | L10: =IFERROR(C10/$C$17,0) -> 0.073494464
A11: =EDATE(A10,1) -> 46113 | B11: =CHOOSE(MONTH(A11),"يناير","فبراير","مارس","أبريل","مايو","يونيو","يوليو","أغسطس","سبتمبر","أكتوبر","نوفمبر","ديسمبر")&" "&YEAR(A11) -> أبريل 2026 | C11: =SUMIFS(d_Rev,d_Period,$A11) -> 166026.5 | D11: =SUMIFS(d_Profit,d_Period,$A11) -> 51891.5 | E11: =IFERROR(D11/C11,0) -> 0.3125495 | F11: =COUNTIFS(d_Period,$A11,d_Status,"مكتمل") -> 104 | G11: =IFERROR(C11/C10-1,0) -> 0.057308433 | H11: =SUM($C$5:C11) -> 1294768 | I11: =AVERAGE(C9:C11) -> 181610.83 | J11: =IFERROR(C11/AVERAGE($C$5:$C$16),0) -> 0.9324758 | K11: =RANK(C11,$C$5:$C$16) -> 8 | L11: =IFERROR(C11/$C$17,0) -> 0.077706317
A12: =EDATE(A11,1) -> 46143 | B12: =CHOOSE(MONTH(A12),"يناير","فبراير","مارس","أبريل","مايو","يونيو","يوليو","أغسطس","سبتمبر","أكتوبر","نوفمبر","ديسمبر")&" "&YEAR(A12) -> مايو 2026 | C12: =SUMIFS(d_Rev,d_Period,$A12) -> 204552.5 | D12: =SUMIFS(d_Profit,d_Period,$A12) -> 71347.5 | E12: =IFERROR(D12/C12,0) -> 0.34879799 | F12: =COUNTIFS(d_Period,$A12,d_Status,"مكتمل") -> 118 | G12: =IFERROR(C12/C11-1,0) -> 0.23204729 | H12: =SUM($C$5:C12) -> 1499320.5 | I12: =AVERAGE(C10:C12) -> 175868.83 | J12: =IFERROR(C12/AVERAGE($C$5:$C$16),0) -> 1.1488543 | K12: =RANK(C12,$C$5:$C$16) -> 3 | L12: =IFERROR(C12/$C$17,0) -> 0.095737857
A13: =EDATE(A12,1) -> 46174 | B13: =CHOOSE(MONTH(A13),"يناير","فبراير","مارس","أبريل","مايو","يونيو","يوليو","أغسطس","سبتمبر","أكتوبر","نوفمبر","ديسمبر")&" "&YEAR(A13) -> يونيو 2026 | C13: =SUMIFS(d_Rev,d_Period,$A13) -> 165984 | D13: =SUMIFS(d_Profit,d_Period,$A13) -> 51139 | E13: =IFERROR(D13/C13,0) -> 0.30809596 | F13: =COUNTIFS(d_Period,$A13,d_Status,"مكتمل") -> 116 | G13: =IFERROR(C13/C12-1,0) -> -0.18855062 | H13: =SUM($C$5:C13) -> 1665304.5 | I13: =AVERAGE(C11:C13) -> 178854.33 | J13: =IFERROR(C13/AVERAGE($C$5:$C$16),0) -> 0.9322371 | K13: =RANK(C13,$C$5:$C$16) -> 9 | L13: =IFERROR(C13/$C$17,0) -> 0.077686425
A14: =EDATE(A13,1) -> 46204 | B14: =CHOOSE(MONTH(A14),"يناير","فبراير","مارس","أبريل","مايو","يونيو","يوليو","أغسطس","سبتمبر","أكتوبر","نوفمبر","ديسمبر")&" "&YEAR(A14) -> يوليو 2026 | C14: =SUMIFS(d_Rev,d_Period,$A14) -> 137862.5 | D14: =SUMIFS(d_Profit,d_Period,$A14) -> 47002.5 | E14: =IFERROR(D14/C14,0) -> 0.34093753 | F14: =COUNTIFS(d_Period,$A14,d_Status,"مكتمل") -> 105 | G14: =IFERROR(C14/C13-1,0) -> -0.16942296 | H14: =SUM($C$5:C14) -> 1803167 | I14: =AVERAGE(C12:C14) -> 169466.33 | J14: =IFERROR(C14/AVERAGE($C$5:$C$16),0) -> 0.77429473 | K14: =RANK(C14,$C$5:$C$16) -> 12 | L14: =IFERROR(C14/$C$17,0) -> 0.064524561
A15: =EDATE(A14,1) -> 46235 | B15: =CHOOSE(MONTH(A15),"يناير","فبراير","مارس","أبريل","مايو","يونيو","يوليو","أغسطس","سبتمبر","أكتوبر","نوفمبر","ديسمبر")&" "&YEAR(A15) -> أغسطس 2026 | C15: =SUMIFS(d_Rev,d_Period,$A15) -> 153928.5 | D15: =SUMIFS(d_Profit,d_Period,$A15) -> 49338.5 | E15: =IFERROR(D15/C15,0) -> 0.32052869 | F15: =COUNTIFS(d_Period,$A15,d_Status,"مكتمل") -> 99 | G15: =IFERROR(C15/C14-1,0) -> 0.1165364 | H15: =SUM($C$5:C15) -> 1957095.5 | I15: =AVERAGE(C13:C15) -> 152591.67 | J15: =IFERROR(C15/AVERAGE($C$5:$C$16),0) -> 0.86452826 | K15: =RANK(C15,$C$5:$C$16) -> 11 | L15: =IFERROR(C15/$C$17,0) -> 0.072044022
A16: =EDATE(A15,1) -> 46266 | B16: =CHOOSE(MONTH(A16),"يناير","فبراير","مارس","أبريل","مايو","يونيو","يوليو","أغسطس","سبتمبر","أكتوبر","نوفمبر","ديسمبر")&" "&YEAR(A16) -> سبتمبر 2026 | C16: =SUMIFS(d_Rev,d_Period,$A16) -> 179494 | D16: =SUMIFS(d_Profit,d_Period,$A16) -> 57009 | E16: =IFERROR(D16/C16,0) -> 0.3176095 | F16: =COUNTIFS(d_Period,$A16,d_Status,"مكتمل") -> 123 | G16: =IFERROR(C16/C15-1,0) -> 0.16608685 | H16: =SUM($C$5:C16) -> 2136589.5 | I16: =AVERAGE(C14:C16) -> 157095 | J16: =IFERROR(C16/AVERAGE($C$5:$C$16),0) -> 1.008115 | K16: =RANK(C16,$C$5:$C$16) -> 6 | L16: =IFERROR(C16/$C$17,0) -> 0.084009586
A17: الإجمالي | B17: 12 شهراً | C17: =SUM(C5:C16) -> 2136589.5 | D17: =SUM(D5:D16) -> 715514.5 | E17: =IFERROR(D17/C17,0) -> 0.33488628 | F17: =SUM(F5:F16) -> 1434 | L17: =SUM(L5:L16) -> 1
A19: ثانياً: الأداء الربع سنوي | H19: ثالثاً: أيام الأسبوع
A20: الربع | B20: الإيراد (ريال) | C20: الربح (ريال) | D20: هامش الربح | E20: النمو عن الربع السابق | F20: الحصة | H20: # | I20: اليوم | J20: الإيراد (ريال) | K20: الطلبات | L20: متوسط قيمة الطلب
A21: 2025-Q4 | B21: =SUMIFS(d_Rev,d_Qtr,$A21) -> 581552 | C21: =SUMIFS(d_Profit,d_Qtr,$A21) -> 199147 | D21: =IFERROR(C21/B21,0) -> 0.34244057 | E21: — | F21: =IFERROR(B21/$B$25,0) -> 0.27218705 | H21: 1 | I21: الأحد | J21: =SUMPRODUCT((WEEKDAY(d_Date)=$H21)*d_Rev) -> 266123.5 | K21: =SUMPRODUCT((WEEKDAY(d_Date)=$H21)*(d_Status="مكتمل")) -> 193 | L21: =IFERROR(J21/K21,0) -> 1378.8782
A22: 2026-Q1 | B22: =SUMIFS(d_Rev,d_Qtr,$A22) -> 547189.5 | C22: =SUMIFS(d_Profit,d_Qtr,$A22) -> 188639.5 | D22: =IFERROR(C22/B22,0) -> 0.34474254 | E22: =IFERROR(B22/B21-1,0) -> -0.059087579 | F22: =IFERROR(B22/$B$25,0) -> 0.25610418 | H22: 2 | I22: الاثنين | J22: =SUMPRODUCT((WEEKDAY(d_Date)=$H22)*d_Rev) -> 225578 | K22: =SUMPRODUCT((WEEKDAY(d_Date)=$H22)*(d_Status="مكتمل")) -> 165 | L22: =IFERROR(J22/K22,0) -> 1367.1394
A23: 2026-Q2 | B23: =SUMIFS(d_Rev,d_Qtr,$A23) -> 536563 | C23: =SUMIFS(d_Profit,d_Qtr,$A23) -> 174378 | D23: =IFERROR(C23/B23,0) -> 0.32499073 | E23: =IFERROR(B23/B22-1,0) -> -0.019420146 | F23: =IFERROR(B23/$B$25,0) -> 0.2511306 | H23: 3 | I23: الثلاثاء | J23: =SUMPRODUCT((WEEKDAY(d_Date)=$H23)*d_Rev) -> 219683 | K23: =SUMPRODUCT((WEEKDAY(d_Date)=$H23)*(d_Status="مكتمل")) -> 182 | L23: =IFERROR(J23/K23,0) -> 1207.0495
A24: 2026-Q3 | B24: =SUMIFS(d_Rev,d_Qtr,$A24) -> 471285 | C24: =SUMIFS(d_Profit,d_Qtr,$A24) -> 153350 | D24: =IFERROR(C24/B24,0) -> 0.32538697 | E24: =IFERROR(B24/B23-1,0) -> -0.12165953 | F24: =IFERROR(B24/$B$25,0) -> 0.22057817 | H24: 4 | I24: الأربعاء | J24: =SUMPRODUCT((WEEKDAY(d_Date)=$H24)*d_Rev) -> 331729 | K24: =SUMPRODUCT((WEEKDAY(d_Date)=$H24)*(d_Status="مكتمل")) -> 215 | L24: =IFERROR(J24/K24,0) -> 1542.9256
A25: الإجمالي | B25: =SUM(B21:B24) -> 2136589.5 | C25: =SUM(C21:C24) -> 715514.5 | D25: =IFERROR(C25/B25,0) -> 0.33488628 | F25: =SUM(F21:F24) -> 1 | H25: 5 | I25: الخميس | J25: =SUMPRODUCT((WEEKDAY(d_Date)=$H25)*d_Rev) -> 369972.5 | K25: =SUMPRODUCT((WEEKDAY(d_Date)=$H25)*(d_Status="مكتمل")) -> 242 | L25: =IFERROR(J25/K25,0) -> 1528.812
H26: 6 | I26: الجمعة | J26: =SUMPRODUCT((WEEKDAY(d_Date)=$H26)*d_Rev) -> 394382.5 | K26: =SUMPRODUCT((WEEKDAY(d_Date)=$H26)*(d_Status="مكتمل")) -> 249 | L26: =IFERROR(J26/K26,0) -> 1583.8655
H27: 7 | I27: السبت | J27: =SUMPRODUCT((WEEKDAY(d_Date)=$H27)*d_Rev) -> 329121 | K27: =SUMPRODUCT((WEEKDAY(d_Date)=$H27)*(d_Status="مكتمل")) -> 188 | L27: =IFERROR(J27/K27,0) -> 1750.6436

Sheet الفئات والمناطق
A1: تحليل الفئات والمناطق والقنوات
A2: ↩ الفهرس | B2: جداول محورية مبنية بالصيغ (SUMIFS) مع مصفوفة المنطقة × الفئة وخريطة حرارية للهوامش
A4: أولاً: حسب الفئة
A5: الفئة | B5: الإيراد (ريال) | C5: الحصة | D5: الربح (ريال) | E5: هامش الربح | F5: الوحدات المباعة | G5: متوسط الخصم | H5: الترتيب | I5: نسبة المرتجعات
A6: إلكترونيات | B6: =SUMIFS(d_Rev,d_Cat,$A6) -> 524652.5 | C6: =IFERROR(B6/B$12,0) -> 0.24555606 | D6: =SUMIFS(d_Profit,d_Cat,$A6) -> 123282.5 | E6: =IFERROR(D6/B6,0) -> 0.23497934 | F6: =SUMIFS(d_Qty,d_Cat,$A6,d_Status,"مكتمل") -> 445 | G6: =IFERROR(AVERAGEIFS(d_Disc,d_Cat,$A6),0) -> 0.06419214 | H6: =RANK(B6,$B$6:$B$11) -> 2 | I6: =IFERROR(COUNTIFS(d_Cat,$A6,d_Status,"مرتجع")/COUNTIFS(d_Cat,$A6),0) -> 0.048034934
A7: أجهزة منزلية | B7: =SUMIFS(d_Rev,d_Cat,$A7) -> 260789 | C7: =IFERROR(B7/B$12,0) -> 0.12205854 | D7: =SUMIFS(d_Profit,d_Cat,$A7) -> 83319 | E7: =IFERROR(D7/B7,0) -> 0.31948817 | F7: =SUMIFS(d_Qty,d_Cat,$A7,d_Status,"مكتمل") -> 498 | G7: =IFERROR(AVERAGEIFS(d_Disc,d_Cat,$A7),0) -> 0.066163793 | H7: =RANK(B7,$B$6:$B$11) -> 4 | I7: =IFERROR(COUNTIFS(d_Cat,$A7,d_Status,"مرتجع")/COUNTIFS(d_Cat,$A7),0) -> 0.043103448
A8: أثاث | B8: =SUMIFS(d_Rev,d_Cat,$A8) -> 583692.5 | C8: =IFERROR(B8/B$12,0) -> 0.27318888 | D8: =SUMIFS(d_Profit,d_Cat,$A8) -> 219682.5 | E8: =IFERROR(D8/B8,0) -> 0.37636684 | F8: =SUMIFS(d_Qty,d_Cat,$A8,d_Status,"مكتمل") -> 844 | G8: =IFERROR(AVERAGEIFS(d_Disc,d_Cat,$A8),0) -> 0.073557692 | H8: =RANK(B8,$B$6:$B$11) -> 1 | I8: =IFERROR(COUNTIFS(d_Cat,$A8,d_Status,"مرتجع")/COUNTIFS(d_Cat,$A8),0) -> 0.014423077
A9: مستلزمات مكتبية | B9: =SUMIFS(d_Rev,d_Cat,$A9) -> 333618.5 | C9: =IFERROR(B9/B$12,0) -> 0.15614534 | D9: =SUMIFS(d_Profit,d_Cat,$A9) -> 107613.5 | E9: =IFERROR(D9/B9,0) -> 0.32256455 | F9: =SUMIFS(d_Qty,d_Cat,$A9,d_Status,"مكتمل") -> 1346 | G9: =IFERROR(AVERAGEIFS(d_Disc,d_Cat,$A9),0) -> 0.068272425 | H9: =RANK(B9,$B$6:$B$11) -> 3 | I9: =IFERROR(COUNTIFS(d_Cat,$A9,d_Status,"مرتجع")/COUNTIFS(d_Cat,$A9),0) -> 0.059800664
A10: رياضة | B10: =SUMIFS(d_Rev,d_Cat,$A10) -> 187066 | C10: =IFERROR(B10/B$12,0) -> 0.087553552 | D10: =SUMIFS(d_Profit,d_Cat,$A10) -> 64256 | E10: =IFERROR(D10/B10,0) -> 0.34349374 | F10: =SUMIFS(d_Qty,d_Cat,$A10,d_Status,"مكتمل") -> 386 | G10: =IFERROR(AVERAGEIFS(d_Disc,d_Cat,$A10),0) -> 0.057804878 | H10: =RANK(B10,$B$6:$B$11) -> 6 | I10: =IFERROR(COUNTIFS(d_Cat,$A10,d_Status,"مرتجع")/COUNTIFS(d_Cat,$A10),0) -> 0.034146341
A11: عناية شخصية | B11: =SUMIFS(d_Rev,d_Cat,$A11) -> 246771 | C11: =IFERROR(B11/B$12,0) -> 0.11549762 | D11: =SUMIFS(d_Profit,d_Cat,$A11) -> 117361 | E11: =IFERROR(D11/B11,0) -> 0.47558668 | F11: =SUMIFS(d_Qty,d_Cat,$A11,d_Status,"مكتمل") -> 627 | G11: =IFERROR(AVERAGEIFS(d_Disc,d_Cat,$A11),0) -> 0.062307692 | H11: =RANK(B11,$B$6:$B$11) -> 5 | I11: =IFERROR(COUNTIFS(d_Cat,$A11,d_Status,"مرتجع")/COUNTIFS(d_Cat,$A11),0) -> 0.052307692
A12: الإجمالي | B12: =SUM(B6:B11) -> 2136589.5 | C12: =SUM(C6:C11) -> 1 | D12: =SUM(D6:D11) -> 715514.5 | E12: =IFERROR(D12/B12,0) -> 0.33488628 | F12: =SUM(F6:F11) -> 4146 | G12: =AVERAGE(d_Disc) -> 0.065333333 | I12: =COUNTIF(d_Status,"مرتجع")/COUNTA(d_Status) -> 0.044
A14: ثانياً: حسب المنطقة
A15: المنطقة | B15: الإيراد (ريال) | C15: الحصة | D15: الربح (ريال) | E15: هامش الربح | F15: الوحدات المباعة | G15: متوسط الخصم | H15: الترتيب | I15: نسبة المرتجعات
A16: الوسطى | B16: =SUMIFS(d_Rev,d_Region,$A16) -> 692926.5 | C16: =IFERROR(B16/B$20,0) -> 0.32431429 | D16: =SUMIFS(d_Profit,d_Region,$A16) -> 228961.5 | E16: =IFERROR(D16/B16,0) -> 0.33042682 | F16: =SUMIFS(d_Qty,d_Region,$A16,d_Status,"مكتمل") -> 1389 | G16: =IFERROR(AVERAGEIFS(d_Disc,d_Region,$A16),0) -> 0.06208577 | H16: =RANK(B16,$B$16:$B$19) -> 1 | I16: =IFERROR(COUNTIFS(d_Region,$A16,d_Status,"مرتجع")/COUNTIFS(d_Region,$A16),0) -> 0.038986355
A17: الغربية | B17: =SUMIFS(d_Rev,d_Region,$A17) -> 565303 | C17: =IFERROR(B17/B$20,0) -> 0.26458194 | D17: =SUMIFS(d_Profit,d_Region,$A17) -> 186963 | E17: =IFERROR(D17/B17,0) -> 0.3307306 | F17: =SUMIFS(d_Qty,d_Region,$A17,d_Status,"مكتمل") -> 1044 | G17: =IFERROR(AVERAGEIFS(d_Disc,d_Region,$A17),0) -> 0.065135135 | H17: =RANK(B17,$B$16:$B$19) -> 2 | I17: =IFERROR(COUNTIFS(d_Region,$A17,d_Status,"مرتجع")/COUNTIFS(d_Region,$A17),0) -> 0.045945946
A18: الشرقية | B18: =SUMIFS(d_Rev,d_Region,$A18) -> 499447 | C18: =IFERROR(B18/B$20,0) -> 0.23375899 | D18: =SUMIFS(d_Profit,d_Region,$A18) -> 168442 | E18: =IFERROR(D18/B18,0) -> 0.33725701 | F18: =SUMIFS(d_Qty,d_Region,$A18,d_Status,"مكتمل") -> 907 | G18: =IFERROR(AVERAGEIFS(d_Disc,d_Region,$A18),0) -> 0.06937046 | H18: =RANK(B18,$B$16:$B$19) -> 3 | I18: =IFERROR(COUNTIFS(d_Region,$A18,d_Status,"مرتجع")/COUNTIFS(d_Region,$A18),0) -> 0.055690073
A19: الجنوبية | B19: =SUMIFS(d_Rev,d_Region,$A19) -> 378913 | C19: =IFERROR(B19/B$20,0) -> 0.17734478 | D19: =SUMIFS(d_Profit,d_Region,$A19) -> 131148 | E19: =IFERROR(D19/B19,0) -> 0.34611639 | F19: =SUMIFS(d_Qty,d_Region,$A19,d_Status,"مكتمل") -> 806 | G19: =IFERROR(AVERAGEIFS(d_Disc,d_Region,$A19),0) -> 0.065686275 | H19: =RANK(B19,$B$16:$B$19) -> 4 | I19: =IFERROR(COUNTIFS(d_Region,$A19,d_Status,"مرتجع")/COUNTIFS(d_Region,$A19),0) -> 0.029411765
A20: الإجمالي | B20: =SUM(B16:B19) -> 2136589.5 | C20: =SUM(C16:C19) -> 1 | D20: =SUM(D16:D19) -> 715514.5 | E20: =IFERROR(D20/B20,0) -> 0.33488628 | F20: =SUM(F16:F19) -> 4146 | G20: =AVERAGE(d_Disc) -> 0.065333333 | I20: =COUNTIF(d_Status,"مرتجع")/COUNTA(d_Status) -> 0.044
A22: ثالثاً: حسب القناة
A23: القناة | B23: الإيراد (ريال) | C23: الحصة | D23: الربح (ريال) | E23: هامش الربح | F23: الوحدات المباعة | G23: متوسط الخصم | H23: الترتيب | I23: نسبة المرتجعات
A24: متجر | B24: =SUMIFS(d_Rev,d_Channel,$A24) -> 844286.5 | C24: =IFERROR(B24/B$27,0) -> 0.39515616 | D24: =SUMIFS(d_Profit,d_Channel,$A24) -> 285611.5 | E24: =IFERROR(D24/B24,0) -> 0.33828742 | F24: =SUMIFS(d_Qty,d_Channel,$A24,d_Status,"مكتمل") -> 1533 | G24: =IFERROR(AVERAGEIFS(d_Disc,d_Channel,$A24),0) -> 0.058916324 | H24: =RANK(B24,$B$24:$B$26) -> 1 | I24: =IFERROR(COUNTIFS(d_Channel,$A24,d_Status,"مرتجع")/COUNTIFS(d_Channel,$A24),0) -> 0.0260631
A25: أونلاين | B25: =SUMIFS(d_Rev,d_Channel,$A25) -> 830453.5 | C25: =IFERROR(B25/B$27,0) -> 0.38868182 | D25: =SUMIFS(d_Profit,d_Channel,$A25) -> 280143.5 | E25: =IFERROR(D25/B25,0) -> 0.33733797 | F25: =SUMIFS(d_Qty,d_Channel,$A25,d_Status,"مكتمل") -> 1543 | G25: =IFERROR(AVERAGEIFS(d_Disc,d_Channel,$A25),0) -> 0.065361446 | H25: =RANK(B25,$B$24:$B$26) -> 2 | I25: =IFERROR(COUNTIFS(d_Channel,$A25,d_Status,"مرتجع")/COUNTIFS(d_Channel,$A25),0) -> 0.064759036
A26: جملة | B26: =SUMIFS(d_Rev,d_Channel,$A26) -> 461849.5 | C26: =IFERROR(B26/B$27,0) -> 0.21616202 | D26: =SUMIFS(d_Profit,d_Channel,$A26) -> 149759.5 | E26: =IFERROR(D26/B26,0) -> 0.32426039 | F26: =SUMIFS(d_Qty,d_Channel,$A26,d_Status,"مكتمل") -> 1070 | G26: =IFERROR(AVERAGEIFS(d_Disc,d_Channel,$A26),0) -> 0.1088785 | H26: =RANK(B26,$B$24:$B$26) -> 3 | I26: =IFERROR(COUNTIFS(d_Channel,$A26,d_Status,"مرتجع")/COUNTIFS(d_Channel,$A26),0) -> 0.037383178
A27: الإجمالي | B27: =SUM(B24:B26) -> 2136589.5 | C27: =SUM(C24:C26) -> 1 | D27: =SUM(D24:D26) -> 715514.5 | E27: =IFERROR(D27/B27,0) -> 0.33488628 | F27: =SUM(F24:F26) -> 4146 | G27: =AVERAGE(d_Disc) -> 0.065333333 | I27: =COUNTIF(d_Status,"مرتجع")/COUNTA(d_Status) -> 0.044
A29: رابعاً: مصفوفة الإيراد — المنطقة × الفئة
A30: المنطقة | B30: إلكترونيات | C30: أجهزة منزلية | D30: أثاث | E30: مستلزمات مكتبية | F30: رياضة | G30: عناية شخصية | H30: الإجمالي
A31: الوسطى | B31: =SUMIFS(d_Rev,d_Region,$A31,d_Cat,B$30) -> 183490 | C31: =SUMIFS(d_Rev,d_Region,$A31,d_Cat,C$30) -> 104532 | D31: =SUMIFS(d_Rev,d_Region,$A31,d_Cat,D$30) -> 134040 | E31: =SUMIFS(d_Rev,d_Region,$A31,d_Cat,E$30) -> 128393.5 | F31: =SUMIFS(d_Rev,d_Region,$A31,d_Cat,F$30) -> 59532 | G31: =SUMIFS(d_Rev,d_Region,$A31,d_Cat,G$30) -> 82939 | H31: =SUM(B31:G31) -> 692926.5
A32: الغربية | B32: =SUMIFS(d_Rev,d_Region,$A32,d_Cat,B$30) -> 148547.5 | C32: =SUMIFS(d_Rev,d_Region,$A32,d_Cat,C$30) -> 53750.5 | D32: =SUMIFS(d_Rev,d_Region,$A32,d_Cat,D$30) -> 160317.5 | E32: =SUMIFS(d_Rev,d_Region,$A32,d_Cat,E$30) -> 81141.5 | F32: =SUMIFS(d_Rev,d_Region,$A32,d_Cat,F$30) -> 58724 | G32: =SUMIFS(d_Rev,d_Region,$A32,d_Cat,G$30) -> 62822 | H32: =SUM(B32:G32) -> 565303
A33: الشرقية | B33: =SUMIFS(d_Rev,d_Region,$A33,d_Cat,B$30) -> 123372.5 | C33: =SUMIFS(d_Rev,d_Region,$A33,d_Cat,C$30) -> 58860 | D33: =SUMIFS(d_Rev,d_Region,$A33,d_Cat,D$30) -> 152025 | E33: =SUMIFS(d_Rev,d_Region,$A33,d_Cat,E$30) -> 47357.5 | F33: =SUMIFS(d_Rev,d_Region,$A33,d_Cat,F$30) -> 44036 | G33: =SUMIFS(d_Rev,d_Region,$A33,d_Cat,G$30) -> 73796 | H33: =SUM(B33:G33) -> 499447
A34: الجنوبية | B34: =SUMIFS(d_Rev,d_Region,$A34,d_Cat,B$30) -> 69242.5 | C34: =SUMIFS(d_Rev,d_Region,$A34,d_Cat,C$30) -> 43646.5 | D34: =SUMIFS(d_Rev,d_Region,$A34,d_Cat,D$30) -> 137310 | E34: =SUMIFS(d_Rev,d_Region,$A34,d_Cat,E$30) -> 76726 | F34: =SUMIFS(d_Rev,d_Region,$A34,d_Cat,F$30) -> 24774 | G34: =SUMIFS(d_Rev,d_Region,$A34,d_Cat,G$30) -> 27214 | H34: =SUM(B34:G34) -> 378913
A35: الإجمالي | B35: =SUM(B31:B34) -> 524652.5 | C35: =SUM(C31:C34) -> 260789 | D35: =SUM(D31:D34) -> 583692.5 | E35: =SUM(E31:E34) -> 333618.5 | F35: =SUM(F31:F34) -> 187066 | G35: =SUM(G31:G34) -> 246771 | H35: =SUM(H31:H34) -> 2136589.5
A37: خامساً: خريطة حرارية لهامش الربح — المنطقة × الفئة
A38: المنطقة | B38: إلكترونيات | C38: أجهزة منزلية | D38: أثاث | E38: مستلزمات مكتبية | F38: رياضة | G38: عناية شخصية | H38: الإجمالي
A39: الوسطى | B39: =IFERROR(SUMIFS(d_Profit,d_Region,$A39,d_Cat,B$38)/SUMIFS(d_Rev,d_Region,$A39,d_Cat,B$38),0) -> 0.2438825 | C39: =IFERROR(SUMIFS(d_Profit,d_Region,$A39,d_Cat,C$38)/SUMIFS(d_Rev,d_Region,$A39,d_Cat,C$38),0) -> 0.31317683 | D39: =IFERROR(SUMIFS(d_Profit,d_Region,$A39,d_Cat,D$38)/SUMIFS(d_Rev,d_Region,$A39,d_Cat,D$38),0) -> 0.37354521 | E39: =IFERROR(SUMIFS(d_Profit,d_Region,$A39,d_Cat,E$38)/SUMIFS(d_Rev,d_Region,$A39,d_Cat,E$38),0) -> 0.3164763 | F39: =IFERROR(SUMIFS(d_Profit,d_Region,$A39,d_Cat,F$38)/SUMIFS(d_Rev,d_Region,$A39,d_Cat,F$38),0) -> 0.35127326 | G39: =IFERROR(SUMIFS(d_Profit,d_Region,$A39,d_Cat,G$38)/SUMIFS(d_Rev,d_Region,$A39,d_Cat,G$38),0) -> 0.48058211 | H39: =IFERROR(SUMIFS(d_Profit,d_Region,$A39)/SUMIFS(d_Rev,d_Region,$A39),0) -> 0.33042682
A40: الغربية | B40: =IFERROR(SUMIFS(d_Profit,d_Region,$A40,d_Cat,B$38)/SUMIFS(d_Rev,d_Region,$A40,d_Cat,B$38),0) -> 0.23196284 | C40: =IFERROR(SUMIFS(d_Profit,d_Region,$A40,d_Cat,C$38)/SUMIFS(d_Rev,d_Region,$A40,d_Cat,C$38),0) -> 0.33702942 | D40: =IFERROR(SUMIFS(d_Profit,d_Region,$A40,d_Cat,D$38)/SUMIFS(d_Rev,d_Region,$A40,d_Cat,D$38),0) -> 0.37916946 | E40: =IFERROR(SUMIFS(d_Profit,d_Region,$A40,d_Cat,E$38)/SUMIFS(d_Rev,d_Region,$A40,d_Cat,E$38),0) -> 0.31003247 | F40: =IFERROR(SUMIFS(d_Profit,d_Region,$A40,d_Cat,F$38)/SUMIFS(d_Rev,d_Region,$A40,d_Cat,F$38),0) -> 0.33110824 | G40: =IFERROR(SUMIFS(d_Profit,d_Region,$A40,d_Cat,G$38)/SUMIFS(d_Rev,d_Region,$A40,d_Cat,G$38),0) -> 0.46165356 | H40: =IFERROR(SUMIFS(d_Profit,d_Region,$A40)/SUMIFS(d_Rev,d_Region,$A40),0) -> 0.3307306
A41: الشرقية | B41: =IFERROR(SUMIFS(d_Profit,d_Region,$A41,d_Cat,B$38)/SUMIFS(d_Rev,d_Region,$A41,d_Cat,B$38),0) -> 0.23783663 | C41: =IFERROR(SUMIFS(d_Profit,d_Region,$A41,d_Cat,C$38)/SUMIFS(d_Rev,d_Region,$A41,d_Cat,C$38),0) -> 0.32050629 | D41: =IFERROR(SUMIFS(d_Profit,d_Region,$A41,d_Cat,D$38)/SUMIFS(d_Rev,d_Region,$A41,d_Cat,D$38),0) -> 0.36714356 | E41: =IFERROR(SUMIFS(d_Profit,d_Region,$A41,d_Cat,E$38)/SUMIFS(d_Rev,d_Region,$A41,d_Cat,E$38),0) -> 0.3025392 | F41: =IFERROR(SUMIFS(d_Profit,d_Region,$A41,d_Cat,F$38)/SUMIFS(d_Rev,d_Region,$A41,d_Cat,F$38),0) -> 0.33009356 | G41: =IFERROR(SUMIFS(d_Profit,d_Region,$A41,d_Cat,G$38)/SUMIFS(d_Rev,d_Region,$A41,d_Cat,G$38),0) -> 0.48181473 | H41: =IFERROR(SUMIFS(d_Profit,d_Region,$A41)/SUMIFS(d_Rev,d_Region,$A41),0) -> 0.33725701
A42: الجنوبية | B42: =IFERROR(SUMIFS(d_Profit,d_Region,$A42,d_Cat,B$38)/SUMIFS(d_Rev,d_Region,$A42,d_Cat,B$38),0) -> 0.21276673 | C42: =IFERROR(SUMIFS(d_Profit,d_Region,$A42,d_Cat,C$38)/SUMIFS(d_Rev,d_Region,$A42,d_Cat,C$38),0) -> 0.31162865 | D42: =IFERROR(SUMIFS(d_Profit,d_Region,$A42,d_Cat,D$38)/SUMIFS(d_Rev,d_Region,$A42,d_Cat,D$38),0) -> 0.38606074 | E42: =IFERROR(SUMIFS(d_Profit,d_Region,$A42,d_Cat,E$38)/SUMIFS(d_Rev,d_Region,$A42,d_Cat,E$38),0) -> 0.35836613 | F42: =IFERROR(SUMIFS(d_Profit,d_Region,$A42,d_Cat,F$38)/SUMIFS(d_Rev,d_Region,$A42,d_Cat,F$38),0) -> 0.37797691 | G42: =IFERROR(SUMIFS(d_Profit,d_Region,$A42,d_Cat,G$38)/SUMIFS(d_Rev,d_Region,$A42,d_Cat,G$38),0) -> 0.47563754 | H42: =IFERROR(SUMIFS(d_Profit,d_Region,$A42)/SUMIFS(d_Rev,d_Region,$A42),0) -> 0.34611639

Sheet تحليل المنتجات
A1: تحليل المنتجات وباريتو (ABC)
A2: ↩ الفهرس | B2: ترتيب المنتجات، تصنيف الأداء (الإيراد × الهامش)، وقاعدة 80/20
A4: أداء المنتجات | K4: الترتيب التنازلي وتحليل باريتو
A5: رقم المنتج | B5: المنتج | C5: الفئة | D5: الوحدات | E5: الإيراد (ريال) | F5: الربح (ريال) | G5: هامش الربح | H5: الترتيب | I5: تصنيف الأداء | K5: الترتيب | L5: المنتج | M5: الإيراد (ريال) | N5: الحصة | O5: التراكمي | P5: تصنيف ABC | Q5: الهامش
A6: P001 | B6: =INDEX(p_Name,MATCH($A6,p_ID,0)) -> هاتف ذكي | C6: =INDEX(p_Cat,MATCH($A6,p_ID,0)) -> إلكترونيات | D6: =SUMIFS(d_Qty,d_PID,$A6,d_Status,"مكتمل") -> 83 | E6: =SUMIFS(d_Rev,d_PID,$A6) -> 186000 | F6: =SUMIFS(d_Profit,d_PID,$A6) -> 40750 | G6: =IFERROR(F6/E6,0) -> 0.21908602 | H6: =RANK(E6,$E$6:$E$29)+COUNTIF($E$6:E6,E6)-1 -> 2 | I6: =IF(E6>=AVERAGE($E$6:$E$29),IF(G6>=$G$30,"نجم","حجم بلا ربحية"),IF(G6>=$G$30,"فرصة نمو","يحتاج مراجعة")) -> حجم بلا ربحية | K6: 1 | L6: =INDEX($B$6:$B$29,MATCH($K6,$H$6:$H$29,0)) -> مكتب عمل | M6: =INDEX($E$6:$E$29,MATCH($K6,$H$6:$H$29,0)) -> 243780 | N6: =IFERROR(M6/$E$30,0) -> 0.11409772 | O6: =SUM($N$6:N6) -> 0.11409772 | P6: =IF(O6-N6<0.8,"A",IF(O6-N6<0.95,"B","C")) -> A | Q6: =INDEX($G$6:$G$29,MATCH($K6,$H$6:$H$29,0)) -> 0.3768972
A7: P002 | B7: =INDEX(p_Name,MATCH($A7,p_ID,0)) -> حاسوب محمول | C7: =INDEX(p_Cat,MATCH($A7,p_ID,0)) -> إلكترونيات | D7: =SUMIFS(d_Qty,d_PID,$A7,d_Status,"مكتمل") -> 33 | E7: =SUMIFS(d_Rev,d_PID,$A7) -> 117610 | F7: =SUMIFS(d_Profit,d_PID,$A7) -> 21910 | G7: =IFERROR(F7/E7,0) -> 0.18629368 | H7: =RANK(E7,$E$6:$E$29)+COUNTIF($E$6:E7,E7)-1 -> 5 | I7: =IF(E7>=AVERAGE($E$6:$E$29),IF(G7>=$G$30,"نجم","حجم بلا ربحية"),IF(G7>=$G$30,"فرصة نمو","يحتاج مراجعة")) -> حجم بلا ربحية | K7: 2 | L7: =INDEX($B$6:$B$29,MATCH($K7,$H$6:$H$29,0)) -> هاتف ذكي | M7: =INDEX($E$6:$E$29,MATCH($K7,$H$6:$H$29,0)) -> 186000 | N7: =IFERROR(M7/$E$30,0) -> 0.087054626 | O7: =SUM($N$6:N7) -> 0.20115235 | P7: =IF(O7-N7<0.8,"A",IF(O7-N7<0.95,"B","C")) -> A | Q7: =INDEX($G$6:$G$29,MATCH($K7,$H$6:$H$29,0)) -> 0.21908602
A8: P003 | B8: =INDEX(p_Name,MATCH($A8,p_ID,0)) -> سماعات لاسلكية | C8: =INDEX(p_Cat,MATCH($A8,p_ID,0)) -> إلكترونيات | D8: =SUMIFS(d_Qty,d_PID,$A8,d_Status,"مكتمل") -> 185 | E8: =SUMIFS(d_Rev,d_PID,$A8) -> 77107.5 | F8: =SUMIFS(d_Profit,d_PID,$A8) -> 29007.5 | G8: =IFERROR(F8/E8,0) -> 0.37619557 | H8: =RANK(E8,$E$6:$E$29)+COUNTIF($E$6:E8,E8)-1 -> 10 | I8: =IF(E8>=AVERAGE($E$6:$E$29),IF(G8>=$G$30,"نجم","حجم بلا ربحية"),IF(G8>=$G$30,"فرصة نمو","يحتاج مراجعة")) -> فرصة نمو | K8: 3 | L8: =INDEX($B$6:$B$29,MATCH($K8,$H$6:$H$29,0)) -> طابعة ليزر | M8: =INDEX($E$6:$E$29,MATCH($K8,$H$6:$H$29,0)) -> 161915 | N8: =IFERROR(M8/$E$30,0) -> 0.075781988 | O8: =SUM($N$6:N8) -> 0.27693434 | P8: =IF(O8-N8<0.8,"A",IF(O8-N8<0.95,"B","C")) -> A | Q8: =INDEX($G$6:$G$29,MATCH($K8,$H$6:$H$29,0)) -> 0.22551956
A9: P004 | B9: =INDEX(p_Name,MATCH($A9,p_ID,0)) -> شاشة 27 بوصة | C9: =INDEX(p_Cat,MATCH($A9,p_ID,0)) -> إلكترونيات | D9: =SUMIFS(d_Qty,d_PID,$A9,d_Status,"مكتمل") -> 144 | E9: =SUMIFS(d_Rev,d_PID,$A9) -> 143935 | F9: =SUMIFS(d_Profit,d_PID,$A9) -> 31615 | G9: =IFERROR(F9/E9,0) -> 0.21964776 | H9: =RANK(E9,$E$6:$E$29)+COUNTIF($E$6:E9,E9)-1 -> 4 | I9: =IF(E9>=AVERAGE($E$6:$E$29),IF(G9>=$G$30,"نجم","حجم بلا ربحية"),IF(G9>=$G$30,"فرصة نمو","يحتاج مراجعة")) -> حجم بلا ربحية | K9: 4 | L9: =INDEX($B$6:$B$29,MATCH($K9,$H$6:$H$29,0)) -> شاشة 27 بوصة | M9: =INDEX($E$6:$E$29,MATCH($K9,$H$6:$H$29,0)) -> 143935 | N9: =IFERROR(M9/$E$30,0) -> 0.067366708 | O9: =SUM($N$6:N9) -> 0.34430105 | P9: =IF(O9-N9<0.8,"A",IF(O9-N9<0.95,"B","C")) -> A | Q9: =INDEX($G$6:$G$29,MATCH($K9,$H$6:$H$29,0)) -> 0.21964776
A10: P005 | B10: =INDEX(p_Name,MATCH($A10,p_ID,0)) -> مكنسة كهربائية | C10: =INDEX(p_Cat,MATCH($A10,p_ID,0)) -> أجهزة منزلية | D10: =SUMIFS(d_Qty,d_PID,$A10,d_Status,"مكتمل") -> 131 | E10: =SUMIFS(d_Rev,d_PID,$A10) -> 79625 | F10: =SUMIFS(d_Profit,d_PID,$A10) -> 24605 | G10: =IFERROR(F10/E10,0) -> 0.30901099 | H10: =RANK(E10,$E$6:$E$29)+COUNTIF($E$6:E10,E10)-1 -> 9 | I10: =IF(E10>=AVERAGE($E$6:$E$29),IF(G10>=$G$30,"نجم","حجم بلا ربحية"),IF(G10>=$G$30,"فرصة نمو","يحتاج مراجعة")) -> يحتاج مراجعة | K10: 5 | L10: =INDEX($B$6:$B$29,MATCH($K10,$H$6:$H$29,0)) -> حاسوب محمول | M10: =INDEX($E$6:$E$29,MATCH($K10,$H$6:$H$29,0)) -> 117610 | N10: =IFERROR(M10/$E$30,0) -> 0.05504567 | O10: =SUM($N$6:N10) -> 0.39934672 | P10: =IF(O10-N10<0.8,"A",IF(O10-N10<0.95,"B","C")) -> A | Q10: =INDEX($G$6:$G$29,MATCH($K10,$H$6:$H$29,0)) -> 0.18629368
A11: P006 | B11: =INDEX(p_Name,MATCH($A11,p_ID,0)) -> خلاط | C11: =INDEX(p_Cat,MATCH($A11,p_ID,0)) -> أجهزة منزلية | D11: =SUMIFS(d_Qty,d_PID,$A11,d_Status,"مكتمل") -> 212 | E11: =SUMIFS(d_Rev,d_PID,$A11) -> 59550 | F11: =SUMIFS(d_Profit,d_PID,$A11) -> 22450 | G11: =IFERROR(F11/E11,0) -> 0.37699412 | H11: =RANK(E11,$E$6:$E$29)+COUNTIF($E$6:E11,E11)-1 -> 16 | I11: =IF(E11>=AVERAGE($E$6:$E$29),IF(G11>=$G$30,"نجم","حجم بلا ربحية"),IF(G11>=$G$30,"فرصة نمو","يحتاج مراجعة")) -> فرصة نمو | K11: 6 | L11: =INDEX($B$6:$B$29,MATCH($K11,$H$6:$H$29,0)) -> كرسي مريح | M11: =INDEX($E$6:$E$29,MATCH($K11,$H$6:$H$29,0)) -> 116407.5 | N11: =IFERROR(M11/$E$30,0) -> 0.054482857 | O11: =SUM($N$6:N11) -> 0.45382957 | P11: =IF(O11-N11<0.8,"A",IF(O11-N11<0.95,"B","C")) -> A | Q11: =INDEX($G$6:$G$29,MATCH($K11,$H$6:$H$29,0)) -> 0.36911281
A12: P007 | B12: =INDEX(p_Name,MATCH($A12,p_ID,0)) -> مكيف نقال | C12: =INDEX(p_Cat,MATCH($A12,p_ID,0)) -> أجهزة منزلية | D12: =SUMIFS(d_Qty,d_PID,$A12,d_Status,"مكتمل") -> 37 | E12: =SUMIFS(d_Rev,d_PID,$A12) -> 65740 | F12: =SUMIFS(d_Profit,d_PID,$A12) -> 15790 | G12: =IFERROR(F12/E12,0) -> 0.24018862 | H12: =RANK(E12,$E$6:$E$29)+COUNTIF($E$6:E12,E12)-1 -> 14 | I12: =IF(E12>=AVERAGE($E$6:$E$29),IF(G12>=$G$30,"نجم","حجم بلا ربحية"),IF(G12>=$G$30,"فرصة نمو","يحتاج مراجعة")) -> يحتاج مراجعة | K12: 7 | L12: =INDEX($B$6:$B$29,MATCH($K12,$H$6:$H$29,0)) -> خزانة ملفات | M12: =INDEX($E$6:$E$29,MATCH($K12,$H$6:$H$29,0)) -> 115885 | N12: =IFERROR(M12/$E$30,0) -> 0.054238308 | O12: =SUM($N$6:N12) -> 0.50806788 | P12: =IF(O12-N12<0.8,"A",IF(O12-N12<0.95,"B","C")) -> A | Q12: =INDEX($G$6:$G$29,MATCH($K12,$H$6:$H$29,0)) -> 0.35962376
A13: P008 | B13: =INDEX(p_Name,MATCH($A13,p_ID,0)) -> قلاية هوائية | C13: =INDEX(p_Cat,MATCH($A13,p_ID,0)) -> أجهزة منزلية | D13: =SUMIFS(d_Qty,d_PID,$A13,d_Status,"مكتمل") -> 118 | E13: =SUMIFS(d_Rev,d_PID,$A13) -> 55874 | F13: =SUMIFS(d_Profit,d_PID,$A13) -> 20474 | G13: =IFERROR(F13/E13,0) -> 0.36643161 | H13: =RANK(E13,$E$6:$E$29)+COUNTIF($E$6:E13,E13)-1 -> 19 | I13: =IF(E13>=AVERAGE($E$6:$E$29),IF(G13>=$G$30,"نجم","حجم بلا ربحية"),IF(G13>=$G$30,"فرصة نمو","يحتاج مراجعة")) -> فرصة نمو | K13: 8 | L13: =INDEX($B$6:$B$29,MATCH($K13,$H$6:$H$29,0)) -> رف كتب | M13: =INDEX($E$6:$E$29,MATCH($K13,$H$6:$H$29,0)) -> 107620 | N13: =IFERROR(M13/$E$30,0) -> 0.050369994 | O13: =SUM($N$6:N13) -> 0.55843787 | P13: =IF(O13-N13<0.8,"A",IF(O13-N13<0.95,"B","C")) -> A | Q13: =INDEX($G$6:$G$29,MATCH($K13,$H$6:$H$29,0)) -> 0.4010407
A14: P009 | B14: =INDEX(p_Name,MATCH($A14,p_ID,0)) -> مكتب عمل | C14: =INDEX(p_Cat,MATCH($A14,p_ID,0)) -> أثاث | D14: =SUMIFS(d_Qty,d_PID,$A14,d_Status,"مكتمل") -> 217 | E14: =SUMIFS(d_Rev,d_PID,$A14) -> 243780 | F14: =SUMIFS(d_Profit,d_PID,$A14) -> 91880 | G14: =IFERROR(F14/E14,0) -> 0.3768972 | H14: =RANK(E14,$E$6:$E$29)+COUNTIF($E$6:E14,E14)-1 -> 1 | I14: =IF(E14>=AVERAGE($E$6:$E$29),IF(G14>=$G$30,"نجم","حجم بلا ربحية"),IF(G14>=$G$30,"فرصة نمو","يحتاج مراجعة")) -> نجم | K14: 9 | L14: =INDEX($B$6:$B$29,MATCH($K14,$H$6:$H$29,0)) -> مكنسة كهربائية | M14: =INDEX($E$6:$E$29,MATCH($K14,$H$6:$H$29,0)) -> 79625 | N14: =IFERROR(M14/$E$30,0) -> 0.037267337 | O14: =SUM($N$6:N14) -> 0.59570521 | P14: =IF(O14-N14<0.8,"A",IF(O14-N14<0.95,"B","C")) -> A | Q14: =INDEX($G$6:$G$29,MATCH($K14,$H$6:$H$29,0)) -> 0.30901099
A15: P010 | B15: =INDEX(p_Name,MATCH($A15,p_ID,0)) -> كرسي مريح | C15: =INDEX(p_Cat,MATCH($A15,p_ID,0)) -> أثاث | D15: =SUMIFS(d_Qty,d_PID,$A15,d_Status,"مكتمل") -> 153 | E15: =SUMIFS(d_Rev,d_PID,$A15) -> 116407.5 | F15: =SUMIFS(d_Profit,d_PID,$A15) -> 42967.5 | G15: =IFERROR(F15/E15,0) -> 0.36911281 | H15: =RANK(E15,$E$6:$E$29)+COUNTIF($E$6:E15,E15)-1 -> 6 | I15: =IF(E15>=AVERAGE($E$6:$E$29),IF(G15>=$G$30,"نجم","حجم بلا ربحية"),IF(G15>=$G$30,"فرصة نمو","يحتاج مراجعة")) -> نجم | K15: 10 | L15: =INDEX($B$6:$B$29,MATCH($K15,$H$6:$H$29,0)) -> سماعات لاسلكية | M15: =INDEX($E$6:$E$29,MATCH($K15,$H$6:$H$29,0)) -> 77107.5 | N15: =IFERROR(M15/$E$30,0) -> 0.036089057 | O15: =SUM($N$6:N15) -> 0.63179427 | P15: =IF(O15-N15<0.8,"A",IF(O15-N15<0.95,"B","C")) -> A | Q15: =INDEX($G$6:$G$29,MATCH($K15,$H$6:$H$29,0)) -> 0.37619557
A16: P011 | B16: =INDEX(p_Name,MATCH($A16,p_ID,0)) -> خزانة ملفات | C16: =INDEX(p_Cat,MATCH($A16,p_ID,0)) -> أثاث | D16: =SUMIFS(d_Qty,d_PID,$A16,d_Status,"مكتمل") -> 181 | E16: =SUMIFS(d_Rev,d_PID,$A16) -> 115885 | F16: =SUMIFS(d_Profit,d_PID,$A16) -> 41675 | G16: =IFERROR(F16/E16,0) -> 0.35962376 | H16: =RANK(E16,$E$6:$E$29)+COUNTIF($E$6:E16,E16)-1 -> 7 | I16: =IF(E16>=AVERAGE($E$6:$E$29),IF(G16>=$G$30,"نجم","حجم بلا ربحية"),IF(G16>=$G$30,"فرصة نمو","يحتاج مراجعة")) -> نجم | K16: 11 | L16: =INDEX($B$6:$B$29,MATCH($K16,$H$6:$H$29,0)) -> حقيبة لابتوب | M16: =INDEX($E$6:$E$29,MATCH($K16,$H$6:$H$29,0)) -> 76765 | N16: =IFERROR(M16/$E$30,0) -> 0.035928755 | O16: =SUM($N$6:N16) -> 0.66772302 | P16: =IF(O16-N16<0.8,"A",IF(O16-N16<0.95,"B","C")) -> A | Q16: =INDEX($G$6:$G$29,MATCH($K16,$H$6:$H$29,0)) -> 0.50133524
A17: P012 | B17: =INDEX(p_Name,MATCH($A17,p_ID,0)) -> رف كتب | C17: =INDEX(p_Cat,MATCH($A17,p_ID,0)) -> أثاث | D17: =SUMIFS(d_Qty,d_PID,$A17,d_Status,"مكتمل") -> 293 | E17: =SUMIFS(d_Rev,d_PID,$A17) -> 107620 | F17: =SUMIFS(d_Profit,d_PID,$A17) -> 43160 | G17: =IFERROR(F17/E17,0) -> 0.4010407 | H17: =RANK(E17,$E$6:$E$29)+COUNTIF($E$6:E17,E17)-1 -> 8 | I17: =IF(E17>=AVERAGE($E$6:$E$29),IF(G17>=$G$30,"نجم","حجم بلا ربحية"),IF(G17>=$G$30,"فرصة نمو","يحتاج مراجعة")) -> نجم | K17: 12 | L17: =INDEX($B$6:$B$29,MATCH($K17,$H$6:$H$29,0)) -> جهاز تدليك | M17: =INDEX($E$6:$E$29,MATCH($K17,$H$6:$H$29,0)) -> 75000 | N17: =IFERROR(M17/$E$30,0) -> 0.035102672 | O17: =SUM($N$6:N17) -> 0.70282569 | P17: =IF(O17-N17<0.8,"A",IF(O17-N17<0.95,"B","C")) -> A | Q17: =INDEX($G$6:$G$29,MATCH($K17,$H$6:$H$29,0)) -> 0.4016
... A29: P024 | B29: =INDEX(p_Name,MATCH($A29,p_ID,0)) -> جهاز تدليك | C29: =INDEX(p_Cat,MATCH($A29,p_ID,0)) -> عناية شخصية | D29: =SUMIFS(d_Qty,d_PID,$A29,d_Status,"مكتمل") -> 136 | E29: =SUMIFS(d_Rev,d_PID,$A29) -> 75000 | F29: =SUMIFS(d_Profit,d_PID,$A29) -> 30120 | G29: =IFERROR(F29/E29,0) -> 0.4016 | H29: =RANK(E29,$E$6:$E$29)+COUNTIF($E$6:E29,E29)-1 -> 12 | I29: =IF(E29>=AVERAGE($E$6:$E$29),IF(G29>=$G$30,"نجم","حجم بلا ربحية"),IF(G29>=$G$30,"فرصة نمو","يحتاج مراجعة")) -> فرصة نمو | K29: 24 | L29: =INDEX($B$6:$B$29,MATCH($K29,$H$6:$H$29,0)) -> سجادة يوغا | M29: =INDEX($E$6:$E$29,MATCH($K29,$H$6:$H$29,0)) -> 21864 | N29: =IFERROR(M29/$E$30,0) -> 0.010233131 | O29: =SUM($N$6:N29) -> 1 | P29: =IF(O29-N29<0.8,"A",IF(O29-N29<0.95,"B","C")) -> C | Q29: =INDEX($G$6:$G$29,MATCH($K29,$H$6:$H$29,0)) -> 0.56092206
A30: الإجمالي | D30: =SUM(D6:D29) -> 4146 | E30: =SUM(E6:E29) -> 2136589.5 | F30: =SUM(F6:F29) -> 715514.5 | G30: =IFERROR(F30/E30,0) -> 0.33488628
K31: ملخص تصنيف ABC
K32: التصنيف | L32: عدد المنتجات | M32: الإيراد (ريال) | N32: الحصة
K33: A | L33: =COUNTIF($P$6:$P$29,K33) -> 16 | M33: =SUMIF($P$6:$P$29,K33,$M$6:$M$29) -> 1759576 | N33: =IFERROR(M33/$E$30,0) -> 0.82354425
K34: B | L34: =COUNTIF($P$6:$P$29,K34) -> 5 | M34: =SUMIF($P$6:$P$29,K34,$M$6:$M$29) -> 274141 | N34: =IFERROR(M34/$E$30,0) -> 0.12830775
K35: C | L35: =COUNTIF($P$6:$P$29,K35) -> 3 | M35: =SUMIF($P$6:$P$29,K35,$M$6:$M$29) -> 102872.5 | N35: =IFERROR(M35/$E$30,0) -> 0.048147995

Sheet تحليل العملاء
A1: تحليل العملاء وشرائح RFM
A2: ↩ الفهرس | B2: الحداثة (Recency) × التكرار (Frequency) × القيمة (Monetary) مع ترتيب أفضل العملاء
A3: تاريخ المرجع | B3: =MAX(d_Date)+1 -> 46296
A4: حدود الأرباع (تُحسب آلياً) | G4: أفضل 10 عملاء | M4: حسب نوع العميل
A5: المقياس | B5: الربع الأول (25%) | C5: الوسيط | D5: الربع الثالث (75%) | G5: # | H5: العميل | I5: الشريحة | J5: الإيراد (ريال) | K5: الحصة | M5: النوع | N5: عدد العملاء | O5: الإيراد (ريال)
A6: الحداثة (أيام) | B6: =QUARTILE($I$21:$I$220,1) -> 17.75 | C6: =QUARTILE($I$21:$I$220,2) -> 47 | D6: =QUARTILE($I$21:$I$220,3) -> 119.25 | G6: 1 | H6: =INDEX($B$21:$B$220,MATCH($G6,$O$21:$O$220,0)) -> خالد البلوي | I6: =INDEX($N$21:$N$220,MATCH($G6,$O$21:$O$220,0)) -> أبطال | J6: =INDEX($F$21:$F$220,MATCH($G6,$O$21:$O$220,0)) -> 147382 | K6: =IFERROR(J6/SUM(d_Rev),0) -> 0.068980026 | M6: أفراد | N6: =COUNTIF(c_Seg,$M6) -> 143 | O6: =SUMIF($C$21:$C$220,$M6,$F$21:$F$220) -> 1033844
A7: التكرار (طلبات) | B7: =QUARTILE($E$21:$E$220,1) -> 3 | C7: =QUARTILE($E$21:$E$220,2) -> 5 | D7: =QUARTILE($E$21:$E$220,3) -> 10 | G7: 2 | H7: =INDEX($B$21:$B$220,MATCH($G7,$O$21:$O$220,0)) -> خالد السبيعي | I7: =INDEX($N$21:$N$220,MATCH($G7,$O$21:$O$220,0)) -> أبطال | J7: =INDEX($F$21:$F$220,MATCH($G7,$O$21:$O$220,0)) -> 76998.5 | K7: =IFERROR(J7/SUM(d_Rev),0) -> 0.036038041 | M7: شركات صغيرة | N7: =COUNTIF(c_Seg,$M7) -> 45 | O7: =SUMIF($C$21:$C$220,$M7,$F$21:$F$220) -> 489296.5
A8: القيمة (ريال) | B8: =QUARTILE($F$21:$F$220,1) -> 2307 | C8: =QUARTILE($F$21:$F$220,2) -> 5908.25 | D8: =QUARTILE($F$21:$F$220,3) -> 13055 | G8: 3 | H8: =INDEX($B$21:$B$220,MATCH($G8,$O$21:$O$220,0)) -> أحمد الحربي | I8: =INDEX($N$21:$N$220,MATCH($G8,$O$21:$O$220,0)) -> أبطال | J8: =INDEX($F$21:$F$220,MATCH($G8,$O$21:$O$220,0)) -> 72854 | K8: =IFERROR(J8/SUM(d_Rev),0) -> 0.034098267 | M8: مؤسسات | N8: =COUNTIF(c_Seg,$M8) -> 12 | O8: =SUMIF($C$21:$C$220,$M8,$F$21:$F$220) -> 613449
G9: 4 | H9: =INDEX($B$21:$B$220,MATCH($G9,$O$21:$O$220,0)) -> نورة الشهري | I9: =INDEX($N$21:$N$220,MATCH($G9,$O$21:$O$220,0)) -> أبطال | J9: =INDEX($F$21:$F$220,MATCH($G9,$O$21:$O$220,0)) -> 68718 | K9: =IFERROR(J9/SUM(d_Rev),0) -> 0.032162472
A10: ملخص شرائح RFM | G10: 5 | H10: =INDEX($B$21:$B$220,MATCH($G10,$O$21:$O$220,0)) -> سعد التميمي | I10: =INDEX($N$21:$N$220,MATCH($G10,$O$21:$O$220,0)) -> أوفياء | J10: =INDEX($F$21:$F$220,MATCH($G10,$O$21:$O$220,0)) -> 63222 | K10: =IFERROR(J10/SUM(d_Rev),0) -> 0.029590148
A11: الشريحة | B11: عدد العملاء | C11: الإيراد (ريال) | D11: حصة الإيراد | E11: متوسط الإيراد/عميل | G11: 6 | H11: =INDEX($B$21:$B$220,MATCH($G11,$O$21:$O$220,0)) -> دانة العتيبي | I11: =INDEX($N$21:$N$220,MATCH($G11,$O$21:$O$220,0)) -> أبطال | J11: =INDEX($F$21:$F$220,MATCH($G11,$O$21:$O$220,0)) -> 56386.5 | K11: =IFERROR(J11/SUM(d_Rev),0) -> 0.026390891
A12: أبطال | B12: =COUNTIF($N$21:$N$220,$A12) -> 61 | C12: =SUMIF($N$21:$N$220,$A12,$F$21:$F$220) -> 1415872.5 | D12: =IFERROR(C12/$C$17,0) -> 0.66267877 | E12: =IFERROR(C12/B12,0) -> 23211.025 | G12: 7 | H12: =INDEX($B$21:$B$220,MATCH($G12,$O$21:$O$220,0)) -> أحمد القحطاني | I12: =INDEX($N$21:$N$220,MATCH($G12,$O$21:$O$220,0)) -> أبطال | J12: =INDEX($F$21:$F$220,MATCH($G12,$O$21:$O$220,0)) -> 47116.5 | K12: =IFERROR(J12/SUM(d_Rev),0) -> 0.0220522
A13: أوفياء | B13: =COUNTIF($N$21:$N$220,$A13) -> 42 | C13: =SUMIF($N$21:$N$220,$A13,$F$21:$F$220) -> 446213 | D13: =IFERROR(C13/$C$17,0) -> 0.20884358 | E13: =IFERROR(C13/B13,0) -> 10624.119 | G13: 8 | H13: =INDEX($B$21:$B$220,MATCH($G13,$O$21:$O$220,0)) -> عبدالله الحسيني | I13: =INDEX($N$21:$N$220,MATCH($G13,$O$21:$O$220,0)) -> أبطال | J13: =INDEX($F$21:$F$220,MATCH($G13,$O$21:$O$220,0)) -> 41249.5 | K13: =IFERROR(J13/SUM(d_Rev),0) -> 0.019306235
A14: واعدون | B14: =COUNTIF($N$21:$N$220,$A14) -> 42 | C14: =SUMIF($N$21:$N$220,$A14,$F$21:$F$220) -> 179904.5 | D14: =IFERROR(C14/$C$17,0) -> 0.084201715 | E14: =IFERROR(C14/B14,0) -> 4283.4405 | G14: 9 | H14: =INDEX($B$21:$B$220,MATCH($G14,$O$21:$O$220,0)) -> عبير القحطاني | I14: =INDEX($N$21:$N$220,MATCH($G14,$O$21:$O$220,0)) -> أبطال | J14: =INDEX($F$21:$F$220,MATCH($G14,$O$21:$O$220,0)) -> 37584 | K14: =IFERROR(J14/SUM(d_Rev),0) -> 0.017590651
A15: معرضون للفقد | B15: =COUNTIF($N$21:$N$220,$A15) -> 28 | C15: =SUMIF($N$21:$N$220,$A15,$F$21:$F$220) -> 74294 | D15: =IFERROR(C15/$C$17,0) -> 0.034772239 | E15: =IFERROR(C15/B15,0) -> 2653.3571 | G15: 10 | H15: =INDEX($B$21:$B$220,MATCH($G15,$O$21:$O$220,0)) -> طارق الشمري | I15: =INDEX($N$21:$N$220,MATCH($G15,$O$21:$O$220,0)) -> أوفياء | J15: =INDEX($F$21:$F$220,MATCH($G15,$O$21:$O$220,0)) -> 36980.5 | K15: =IFERROR(J15/SUM(d_Rev),0) -> 0.017308191
A16: نائمون | B16: =COUNTIF($N$21:$N$220,$A16) -> 27 | C16: =SUMIF($N$21:$N$220,$A16,$F$21:$F$220) -> 20305.5 | D16: =IFERROR(C16/$C$17,0) -> 0.0095036974 | E16: =IFERROR(C16/B16,0) -> 752.05556
A17: الإجمالي | B17: =SUM(B12:B16) -> 200 | C17: =SUM(C12:C16) -> 2136589.5 | D17: =SUM(D12:D16) -> 1 | E17: =IFERROR(C17/B17,0) -> 10682.948
A19: تفاصيل العملاء
A20: رقم العميل | B20: الاسم | C20: النوع | D20: المنطقة | E20: الطلبات | F20: الإيراد (ريال) | G20: الربح (ريال) | H20: آخر شراء | I20: الحداثة (يوم) | J20: R | K20: F | L20: M | M20: المجموع | N20: الشريحة | O20: ترتيب الإيراد
A21: C001 | B21: =INDEX(c_Name,MATCH($A21,c_ID,0)) -> محمد الدوسري | C21: =INDEX(c_Seg,MATCH($A21,c_ID,0)) -> أفراد | D21: =INDEX(c_Region,MATCH($A21,c_ID,0)) -> الشرقية | E21: =COUNTIFS(d_Cust,$A21,d_Status,"مكتمل") -> 1 | F21: =SUMIFS(d_Rev,d_Cust,$A21) -> 1710 | G21: =SUMIFS(d_Profit,d_Cust,$A21) -> 360 | H21: =IF(COUNTIF(d_Cust,$A21)=0,"",SUMPRODUCT(MAX((d_Cust=$A21)*d_Date))) -> 46295 | I21: =IF(H21="",$B$3-MIN(d_Date),$B$3-H21) -> 1 | J21: =IF(I21<=$B$6,4,IF(I21<=$C$6,3,IF(I21<=$D$6,2,1))) -> 4 | K21: =IF(E21>=$D$7,4,IF(E21>=$C$7,3,IF(E21>=$B$7,2,1))) -> 1 | L21: =IF(F21>=$D$8,4,IF(F21>=$C$8,3,IF(F21>=$B$8,2,1))) -> 1 | M21: =J21+K21+L21 -> 6 | N21: =IF(M21>=10,"أبطال",IF(M21>=8,"أوفياء",IF(M21>=6,"واعدون",IF(M21>=4,"معرضون للفقد","نائمون")))) -> واعدون | O21: =RANK(F21,$F$21:$F$220)+COUNTIF($F$21:F21,F21)-1 -> 164
A22: C002 | B22: =INDEX(c_Name,MATCH($A22,c_ID,0)) -> سلمان الخالدي | C22: =INDEX(c_Seg,MATCH($A22,c_ID,0)) -> شركات صغيرة | D22: =INDEX(c_Region,MATCH($A22,c_ID,0)) -> الشرقية | E22: =COUNTIFS(d_Cust,$A22,d_Status,"مكتمل") -> 6 | F22: =SUMIFS(d_Rev,d_Cust,$A22) -> 7279 | G22: =SUMIFS(d_Profit,d_Cust,$A22) -> 1764 | H22: =IF(COUNTIF(d_Cust,$A22)=0,"",SUMPRODUCT(MAX((d_Cust=$A22)*d_Date))) -> 46282 | I22: =IF(H22="",$B$3-MIN(d_Date),$B$3-H22) -> 14 | J22: =IF(I22<=$B$6,4,IF(I22<=$C$6,3,IF(I22<=$D$6,2,1))) -> 4 | K22: =IF(E22>=$D$7,4,IF(E22>=$C$7,3,IF(E22>=$B$7,2,1))) -> 3 | L22: =IF(F22>=$D$8,4,IF(F22>=$C$8,3,IF(F22>=$B$8,2,1))) -> 3 | M22: =J22+K22+L22 -> 10 | N22: =IF(M22>=10,"أبطال",IF(M22>=8,"أوفياء",IF(M22>=6,"واعدون",IF(M22>=4,"معرضون للفقد","نائمون")))) -> أبطال | O22: =RANK(F22,$F$21:$F$220)+COUNTIF($F$21:F22,F22)-1 -> 88
A23: C003 | B23: =INDEX(c_Name,MATCH($A23,c_ID,0)) -> هند الخالدي | C23: =INDEX(c_Seg,MATCH($A23,c_ID,0)) -> أفراد | D23: =INDEX(c_Region,MATCH($A23,c_ID,0)) -> الوسطى | E23: =COUNTIFS(d_Cust,$A23,d_Status,"مكتمل") -> 14 | F23: =SUMIFS(d_Rev,d_Cust,$A23) -> 13075.5 | G23: =SUMIFS(d_Profit,d_Cust,$A23) -> 4195.5 | H23: =IF(COUNTIF(d_Cust,$A23)=0,"",SUMPRODUCT(MAX((d_Cust=$A23)*d_Date))) -> 46251 | I23: =IF(H23="",$B$3-MIN(d_Date),$B$3-H23) -> 45 | J23: =IF(I23<=$B$6,4,IF(I23<=$C$6,3,IF(I23<=$D$6,2,1))) -> 3 | K23: =IF(E23>=$D$7,4,IF(E23>=$C$7,3,IF(E23>=$B$7,2,1))) -> 4 | L23: =IF(F23>=$D$8,4,IF(F23>=$C$8,3,IF(F23>=$B$8,2,1))) -> 4 | M23: =J23+K23+L23 -> 11 | N23: =IF(M23>=10,"أبطال",IF(M23>=8,"أوفياء",IF(M23>=6,"واعدون",IF(M23>=4,"معرضون للفقد","نائمون")))) -> أبطال | O23: =RANK(F23,$F$21:$F$220)+COUNTIF($F$21:F23,F23)-1 -> 49
A24: C004 | B24: =INDEX(c_Name,MATCH($A24,c_ID,0)) -> ليلى الزهراني | C24: =INDEX(c_Seg,MATCH($A24,c_ID,0)) -> أفراد | D24: =INDEX(c_Region,MATCH($A24,c_ID,0)) -> الشرقية | E24: =COUNTIFS(d_Cust,$A24,d_Status,"مكتمل") -> 12 | F24: =SUMIFS(d_Rev,d_Cust,$A24) -> 12512 | G24: =SUMIFS(d_Profit,d_Cust,$A24) -> 3982 | H24: =IF(COUNTIF(d_Cust,$A24)=0,"",SUMPRODUCT(MAX((d_Cust=$A24)*d_Date))) -> 46286 | I24: =IF(H24="",$B$3-MIN(d_Date),$B$3-H24) -> 10 | J24: =IF(I24<=$B$6,4,IF(I24<=$C$6,3,IF(I24<=$D$6,2,1))) -> 4 | K24: =IF(E24>=$D$7,4,IF(E24>=$C$7,3,IF(E24>=$B$7,2,1))) -> 4 | L24: =IF(F24>=$D$8,4,IF(F24>=$C$8,3,IF(F24>=$B$8,2,1))) -> 3 | M24: =J24+K24+L24 -> 11 | N24: =IF(M24>=10,"أبطال",IF(M24>=8,"أوفياء",IF(M24>=6,"واعدون",IF(M24>=4,"معرضون للفقد","نائمون")))) -> أبطال | O24: =RANK(F24,$F$21:$F$220)+COUNTIF($F$21:F24,F24)-1 -> 53
A25: C005 | B25: =INDEX(c_Name,MATCH($A25,c_ID,0)) -> ناصر البلوي | C25: =INDEX(c_Seg,MATCH($A25,c_ID,0)) -> أفراد | D25: =INDEX(c_Region,MATCH($A25,c_ID,0)) -> الوسطى | E25: =COUNTIFS(d_Cust,$A25,d_Status,"مكتمل") -> 6 | F25: =SUMIFS(d_Rev,d_Cust,$A25) -> 4423 | G25: =SUMIFS(d_Profit,d_Cust,$A25) -> 2208 | H25: =IF(COUNTIF(d_Cust,$A25)=0,"",SUMPRODUCT(MAX((d_Cust=$A25)*d_Date))) -> 46237 | I25: =IF(H25="",$B$3-MIN(d_Date),$B$3-H25) -> 59 | J25: =IF(I25<=$B$6,4,IF(I25<=$C$6,3,IF(I25<=$D$6,2,1))) -> 2 | K25: =IF(E25>=$D$7,4,IF(E25>=$C$7,3,IF(E25>=$B$7,2,1))) -> 3 | L25: =IF(F25>=$D$8,4,IF(F25>=$C$8,3,IF(F25>=$B$8,2,1))) -> 2 | M25: =J25+K25+L25 -> 7 | N25: =IF(M25>=10,"أبطال",IF(M25>=8,"أوفياء",IF(M25>=6,"واعدون",IF(M25>=4,"معرضون للفقد","نائمون")))) -> واعدون | O25: =RANK(F25,$F$21:$F$220)+COUNTIF($F$21:F25,F25)-1 -> 116
A26: C006 | B26: =INDEX(c_Name,MATCH($A26,c_ID,0)) -> محمد البلوي | C26: =INDEX(c_Seg,MATCH($A26,c_ID,0)) -> أفراد | D26: =INDEX(c_Region,MATCH($A26,c_ID,0)) -> الوسطى | E26: =COUNTIFS(d_Cust,$A26,d_Status,"مكتمل") -> 8 | F26: =SUMIFS(d_Rev,d_Cust,$A26) -> 5958.5 | G26: =SUMIFS(d_Profit,d_Cust,$A26) -> 2308.5 | H26: =IF(COUNTIF(d_Cust,$A26)=0,"",SUMPRODUCT(MAX((d_Cust=$A26)*d_Date))) -> 46171 | I26: =IF(H26="",$B$3-MIN(d_Date),$B$3-H26) -> 125 | J26: =IF(I26<=$B$6,4,IF(I26<=$C$6,3,IF(I26<=$D$6,2,1))) -> 1 | K26: =IF(E26>=$D$7,4,IF(E26>=$C$7,3,IF(E26>=$B$7,2,1))) -> 3 | L26: =IF(F26>=$D$8,4,IF(F26>=$C$8,3,IF(F26>=$B$8,2,1))) -> 3 | M26: =J26+K26+L26 -> 7 | N26: =IF(M26>=10,"أبطال",IF(M26>=8,"أوفياء",IF(M26>=6,"واعدون",IF(M26>=4,"معرضون للفقد","نائمون")))) -> واعدون | O26: =RANK(F26,$F$21:$F$220)+COUNTIF($F$21:F26,F26)-1 -> 100
A27: C007 | B27: =INDEX(c_Name,MATCH($A27,c_ID,0)) -> سارة البلوي | C27: =INDEX(c_Seg,MATCH($A27,c_ID,0)) -> أفراد | D27: =INDEX(c_Region,MATCH($A27,c_ID,0)) -> الغربية | E27: =COUNTIFS(d_Cust,$A27,d_Status,"مكتمل") -> 10 | F27: =SUMIFS(d_Rev,d_Cust,$A27) -> 8941 | G27: =SUMIFS(d_Profit,d_Cust,$A27) -> 3046 | H27: =IF(COUNTIF(d_Cust,$A27)=0,"",SUMPRODUCT(MAX((d_Cust=$A27)*d_Date))) -> 46276 | I27: =IF(H27="",$B$3-MIN(d_Date),$B$3-H27) -> 20 | J27: =IF(I27<=$B$6,4,IF(I27<=$C$6,3,IF(I27<=$D$6,2,1))) -> 3 | K27: =IF(E27>=$D$7,4,IF(E27>=$C$7,3,IF(E27>=$B$7,2,1))) -> 4 | L27: =IF(F27>=$D$8,4,IF(F27>=$C$8,3,IF(F27>=$B$8,2,1))) -> 3 | M27: =J27+K27+L27 -> 10 | N27: =IF(M27>=10,"أبطال",IF(M27>=8,"أوفياء",IF(M27>=6,"واعدون",IF(M27>=4,"معرضون للفقد","نائمون")))) -> أبطال | O27: =RANK(F27,$F$21:$F$220)+COUNTIF($F$21:F27,F27)-1 -> 74
A28: C008 | B28: =INDEX(c_Name,MATCH($A28,c_ID,0)) -> سلمان الحربي | C28: =INDEX(c_Seg,MATCH($A28,c_ID,0)) -> أفراد | D28: =INDEX(c_Region,MATCH($A28,c_ID,0)) -> الغربية | E28: =COUNTIFS(d_Cust,$A28,d_Status,"مكتمل") -> 3 | F28: =SUMIFS(d_Rev,d_Cust,$A28) -> 8627.5 | G28: =SUMIFS(d_Profit,d_Cust,$A28) -> 3487.5 | H28: =IF(COUNTIF(d_Cust,$A28)=0,"",SUMPRODUCT(MAX((d_Cust=$A28)*d_Date))) -> 46172 | I28: =IF(H28="",$B$3-MIN(d_Date),$B$3-H28) -> 124 | J28: =IF(I28<=$B$6,4,IF(I28<=$C$6,3,IF(I28<=$D$6,2,1))) -> 1 | K28: =IF(E28>=$D$7,4,IF(E28>=$C$7,3,IF(E28>=$B$7,2,1))) -> 2 | L28: =IF(F28>=$D$8,4,IF(F28>=$C$8,3,IF(F28>=$B$8,2,1))) -> 3 | M28: =J28+K28+L28 -> 6 | N28: =IF(M28>=10,"أبطال",IF(M28>=8,"أوفياء",IF(M28>=6,"واعدون",IF(M28>=4,"معرضون للفقد","نائمون")))) -> واعدون | O28: =RANK(F28,$F$21:$F$220)+COUNTIF($F$21:F28,F28)-1 -> 76
A29: C009 | B29: =INDEX(c_Name,MATCH($A29,c_ID,0)) -> سارة العنزي | C29: =INDEX(c_Seg,MATCH($A29,c_ID,0)) -> أفراد | D29: =INDEX(c_Region,MATCH($A29,c_ID,0)) -> الغربية | E29: =COUNTIFS(d_Cust,$A29,d_Status,"مكتمل") -> 5 | F29: =SUMIFS(d_Rev,d_Cust,$A29) -> 4455 | G29: =SUMIFS(d_Profit,d_Cust,$A29) -> 1625 | H29: =IF(COUNTIF(d_Cust,$A29)=0,"",SUMPRODUCT(MAX((d_Cust=$A29)*d_Date))) -> 46215 | I29: =IF(H29="",$B$3-MIN(d_Date),$B$3-H29) -> 81 | J29: =IF(I29<=$B$6,4,IF(I29<=$C$6,3,IF(I29<=$D$6,2,1))) -> 2 | K29: =IF(E29>=$D$7,4,IF(E29>=$C$7,3,IF(E29>=$B$7,2,1))) -> 3 | L29: =IF(F29>=$D$8,4,IF(F29>=$C$8,3,IF(F29>=$B$8,2,1))) -> 2 | M29: =J29+K29+L29 -> 7 | N29: =IF(M29>=10,"أبطال",IF(M29>=8,"أوفياء",IF(M29>=6,"واعدون",IF(M29>=4,"معرضون للفقد","نائمون")))) -> واعدون | O29: =RANK(F29,$F$21:$F$220)+COUNTIF($F$21:F29,F29)-1 -> 115
A30: C010 | B30: =INDEX(c_Name,MATCH($A30,c_ID,0)) -> فهد الزهراني | C30: =INDEX(c_Seg,MATCH($A30,c_ID,0)) -> أفراد | D30: =INDEX(c_Region,MATCH($A30,c_ID,0)) -> الجنوبية | E30: =COUNTIFS(d_Cust,$A30,d_Status,"مكتمل") -> 6 | F30: =SUMIFS(d_Rev,d_Cust,$A30) -> 7997 | G30: =SUMIFS(d_Profit,d_Cust,$A30) -> 2807 | H30: =IF(COUNTIF(d_Cust,$A30)=0,"",SUMPRODUCT(MAX((d_Cust=$A30)*d_Date))) -> 46234 | I30: =IF(H30="",$B$3-MIN(d_Date),$B$3-H30) -> 62 | J30: =IF(I30<=$B$6,4,IF(I30<=$C$6,3,IF(I30<=$D$6,2,1))) -> 2 | K30: =IF(E30>=$D$7,4,IF(E30>=$C$7,3,IF(E30>=$B$7,2,1))) -> 3 | L30: =IF(F30>=$D$8,4,IF(F30>=$C$8,3,IF(F30>=$B$8,2,1))) -> 3 | M30: =J30+K30+L30 -> 8 | N30: =IF(M30>=10,"أبطال",IF(M30>=8,"أوفياء",IF(M30>=6,"واعدون",IF(M30>=4,"معرضون للفقد","نائمون")))) -> أوفياء | O30: =RANK(F30,$F$21:$F$220)+COUNTIF($F$21:F30,F30)-1 -> 79
A31: C011 | B31: =INDEX(c_Name,MATCH($A31,c_ID,0)) -> ياسر الغامدي | C31: =INDEX(c_Seg,MATCH($A31,c_ID,0)) -> أفراد | D31: =INDEX(c_Region,MATCH($A31,c_ID,0)) -> الوسطى | E31: =COUNTIFS(d_Cust,$A31,d_Status,"مكتمل") -> 8 | F31: =SUMIFS(d_Rev,d_Cust,$A31) -> 2582.5 | G31: =SUMIFS(d_Profit,d_Cust,$A31) -> 992.5 | H31: =IF(COUNTIF(d_Cust,$A31)=0,"",SUMPRODUCT(MAX((d_Cust=$A31)*d_Date))) -> 46199 | I31: =IF(H31="",$B$3-MIN(d_Date),$B$3-H31) -> 97 | J31: =IF(I31<=$B$6,4,IF(I31<=$C$6,3,IF(I31<=$D$6,2,1))) -> 2 | K31: =IF(E31>=$D$7,4,IF(E31>=$C$7,3,IF(E31>=$B$7,2,1))) -> 3 | L31: =IF(F31>=$D$8,4,IF(F31>=$C$8,3,IF(F31>=$B$8,2,1))) -> 2 | M31: =J31+K31+L31 -> 7 | N31: =IF(M31>=10,"أبطال",IF(M31>=8,"أوفياء",IF(M31>=6,"واعدون",IF(M31>=4,"معرضون للفقد","نائمون")))) -> واعدون | O31: =RANK(F31,$F$21:$F$220)+COUNTIF($F$21:F31,F31)-1 -> 145
A32: C012 | B32: =INDEX(c_Name,MATCH($A32,c_ID,0)) -> محمد الحربي | C32: =INDEX(c_Seg,MATCH($A32,c_ID,0)) -> أفراد | D32: =INDEX(c_Region,MATCH($A32,c_ID,0)) -> الغربية | E32: =COUNTIFS(d_Cust,$A32,d_Status,"مكتمل") -> 6 | F32: =SUMIFS(d_Rev,d_Cust,$A32) -> 7712 | G32: =SUMIFS(d_Profit,d_Cust,$A32) -> 2982 | H32: =IF(COUNTIF(d_Cust,$A32)=0,"",SUMPRODUCT(MAX((d_Cust=$A32)*d_Date))) -> 46290 | I32: =IF(H32="",$B$3-MIN(d_Date),$B$3-H32) -> 6 | J32: =IF(I32<=$B$6,4,IF(I32<=$C$6,3,IF(I32<=$D$6,2,1))) -> 4 | K32: =IF(E32>=$D$7,4,IF(E32>=$C$7,3,IF(E32>=$B$7,2,1))) -> 3 | L32: =IF(F32>=$D$8,4,IF(F32>=$C$8,3,IF(F32>=$B$8,2,1))) -> 3 | M32: =J32+K32+L32 -> 10 | N32: =IF(M32>=10,"أبطال",IF(M32>=8,"أوفياء",IF(M32>=6,"واعدون",IF(M32>=4,"معرضون للفقد","نائمون")))) -> أبطال | O32: =RANK(F32,$F$21:$F$220)+COUNTIF($F$21:F32,F32)-1 -> 82
... A220: C200 | B220: =INDEX(c_Name,MATCH($A220,c_ID,0)) -> ياسر السبيعي | C220: =INDEX(c_Seg,MATCH($A220,c_ID,0)) -> أفراد | D220: =INDEX(c_Region,MATCH($A220,c_ID,0)) -> الشرقية | E220: =COUNTIFS(d_Cust,$A220,d_Status,"مكتمل") -> 1 | F220: =SUMIFS(d_Rev,d_Cust,$A220) -> 2250 | G220: =SUMIFS(d_Profit,d_Cust,$A220) -> 950 | H220: =IF(COUNTIF(d_Cust,$A220)=0,"",SUMPRODUCT(MAX((d_Cust=$A220)*d_Date))) -> 46084 | I220: =IF(H220="",$B$3-MIN(d_Date),$B$3-H220) -> 212 | J220: =IF(I220<=$B$6,4,IF(I220<=$C$6,3,IF(I220<=$D$6,2,1))) -> 1 | K220: =IF(E220>=$D$7,4,IF(E220>=$C$7,3,IF(E220>=$B$7,2,1))) -> 1 | L220: =IF(F220>=$D$8,4,IF(F220>=$C$8,3,IF(F220>=$B$8,2,1))) -> 1 | M220: =J220+K220+L220 -> 3 | N220: =IF(M220>=10,"أبطال",IF(M220>=8,"أوفياء",IF(M220>=6,"واعدون",IF(M220>=4,"معرضون للفقد","نائمون")))) -> نائمون | O220: =RANK(F220,$F$21:$F$220)+COUNTIF($F$21:F220,F220)-1 -> 151

Sheet الموظفون
A1: أداء فريق المبيعات والعمولات
A2: ↩ الفهرس | B2: تحقيق الأهداف الفردية، شرائح الحوافز، وحساب العمولة بالبحث التقريبي (VLOOKUP)
A4: الرقم | B4: الموظف | C4: المنطقة | D4: الهدف السنوي (ريال) | E4: الإيراد الفعلي | F4: نسبة التحقيق | G4: الربح (ريال) | H4: الطلبات | I4: متوسط الخصم | J4: الترتيب | K4: الفئة | L4: نسبة العمولة | M4: العمولة (ريال) | O4: حد التحقيق (من) | P4: نسبة العمولة | Q4: الفئة
A5: R01 | B5: عبدالرحمن السالم | C5: الوسطى | D5: 320000 | E5: =SUMIFS(d_Rev,d_Rep,$B5) -> 273234.5 | F5: =IFERROR(E5/D5,0) -> 0.85385781 | G5: =SUMIFS(d_Profit,d_Rep,$B5) -> 88804.5 | H5: =COUNTIFS(d_Rep,$B5,d_Status,"مكتمل") -> 170 | I5: =IFERROR(AVERAGEIFS(d_Disc,d_Rep,$B5),0) -> 0.061647727 | J5: =RANK(E5,$E$5:$E$14) -> 1 | K5: =VLOOKUP(F5,$O$5:$Q$9,3,TRUE()) -> برونزي | L5: =VLOOKUP(F5,$O$5:$P$9,2,TRUE()) -> 0.015 | M5: =E5*L5 -> 4098.5175 | O5: 0 | P5: 0.01 | Q5: تحت التوقعات
A6: R02 | B6: منصور الراشد | C6: الوسطى | D6: 207000 | E6: =SUMIFS(d_Rev,d_Rep,$B6) -> 199901 | F6: =IFERROR(E6/D6,0) -> 0.96570531 | G6: =SUMIFS(d_Profit,d_Rep,$B6) -> 69091 | H6: =COUNTIFS(d_Rep,$B6,d_Status,"مكتمل") -> 170 | I6: =IFERROR(AVERAGEIFS(d_Disc,d_Rep,$B6),0) -> 0.058426966 | J6: =RANK(E6,$E$5:$E$14) -> 7 | K6: =VLOOKUP(F6,$O$5:$Q$9,3,TRUE()) -> فضي | L6: =VLOOKUP(F6,$O$5:$P$9,2,TRUE()) -> 0.02 | M6: =E6*L6 -> 3998.02 | O6: 0.8 | P6: 0.015 | Q6: برونزي
A7: R03 | B7: هيفاء الحمد | C7: الوسطى | D7: 229000 | E7: =SUMIFS(d_Rev,d_Rep,$B7) -> 219791 | F7: =IFERROR(E7/D7,0) -> 0.95978603 | G7: =SUMIFS(d_Profit,d_Rep,$B7) -> 71066 | H7: =COUNTIFS(d_Rep,$B7,d_Status,"مكتمل") -> 153 | I7: =IFERROR(AVERAGEIFS(d_Disc,d_Rep,$B7),0) -> 0.066666667 | J7: =RANK(E7,$E$5:$E$14) -> 5 | K7: =VLOOKUP(F7,$O$5:$Q$9,3,TRUE()) -> فضي | L7: =VLOOKUP(F7,$O$5:$P$9,2,TRUE()) -> 0.02 | M7: =E7*L7 -> 4395.82 | O7: 0.9 | P7: 0.02 | Q7: فضي
A8: R04 | B8: بدر الفهد | C8: الغربية | D8: 209000 | E8: =SUMIFS(d_Rev,d_Rep,$B8) -> 193633 | F8: =IFERROR(E8/D8,0) -> 0.92647368 | G8: =SUMIFS(d_Profit,d_Rep,$B8) -> 61548 | H8: =COUNTIFS(d_Rep,$B8,d_Status,"مكتمل") -> 126 | I8: =IFERROR(AVERAGEIFS(d_Disc,d_Rep,$B8),0) -> 0.059848485 | J8: =RANK(E8,$E$5:$E$14) -> 8 | K8: =VLOOKUP(F8,$O$5:$Q$9,3,TRUE()) -> فضي | L8: =VLOOKUP(F8,$O$5:$P$9,2,TRUE()) -> 0.02 | M8: =E8*L8 -> 3872.66 | O8: 1 | P8: 0.025 | Q8: ذهبي
A9: R05 | B9: ماجد النعيمي | C9: الغربية | D9: 148000 | E9: =SUMIFS(d_Rev,d_Rep,$B9) -> 164765 | F9: =IFERROR(E9/D9,0) -> 1.113277 | G9: =SUMIFS(d_Profit,d_Rep,$B9) -> 56240 | H9: =COUNTIFS(d_Rep,$B9,d_Status,"مكتمل") -> 102 | I9: =IFERROR(AVERAGEIFS(d_Disc,d_Rep,$B9),0) -> 0.062980769 | J9: =RANK(E9,$E$5:$E$14) -> 9 | K9: =VLOOKUP(F9,$O$5:$Q$9,3,TRUE()) -> بلاتيني | L9: =VLOOKUP(F9,$O$5:$P$9,2,TRUE()) -> 0.03 | M9: =E9*L9 -> 4942.95 | O9: 1.1 | P9: 0.03 | Q9: بلاتيني
A10: R06 | B10: لجين القاسم | C10: الغربية | D10: 211000 | E10: =SUMIFS(d_Rev,d_Rep,$B10) -> 206905 | F10: =IFERROR(E10/D10,0) -> 0.98059242 | G10: =SUMIFS(d_Profit,d_Rep,$B10) -> 69175 | H10: =COUNTIFS(d_Rep,$B10,d_Status,"مكتمل") -> 125 | I10: =IFERROR(AVERAGEIFS(d_Disc,d_Rep,$B10),0) -> 0.072014925 | J10: =RANK(E10,$E$5:$E$14) -> 6 | K10: =VLOOKUP(F10,$O$5:$Q$9,3,TRUE()) -> فضي | L10: =VLOOKUP(F10,$O$5:$P$9,2,TRUE()) -> 0.02 | M10: =E10*L10 -> 4138.1 | O10: جدول العمولات: أعدّل الحدود والنسب وستتحدث كل الحسابات
A11: R07 | B11: رائد العمري | C11: الشرقية | D11: 233000 | E11: =SUMIFS(d_Rev,d_Rep,$B11) -> 253116 | F11: =IFERROR(E11/D11,0) -> 1.0863348 | G11: =SUMIFS(d_Profit,d_Rep,$B11) -> 82061 | H11: =COUNTIFS(d_Rep,$B11,d_Status,"مكتمل") -> 210 | I11: =IFERROR(AVERAGEIFS(d_Disc,d_Rep,$B11),0) -> 0.072727273 | J11: =RANK(E11,$E$5:$E$14) -> 2 | K11: =VLOOKUP(F11,$O$5:$Q$9,3,TRUE()) -> ذهبي | L11: =VLOOKUP(F11,$O$5:$P$9,2,TRUE()) -> 0.025 | M11: =E11*L11 -> 6327.9
A12: R08 | B12: شهد الكعبي | C12: الشرقية | D12: 210000 | E12: =SUMIFS(d_Rev,d_Rep,$B12) -> 246331 | F12: =IFERROR(E12/D12,0) -> 1.1730048 | G12: =SUMIFS(d_Profit,d_Rep,$B12) -> 86381 | H12: =COUNTIFS(d_Rep,$B12,d_Status,"مكتمل") -> 180 | I12: =IFERROR(AVERAGEIFS(d_Disc,d_Rep,$B12),0) -> 0.065544041 | J12: =RANK(E12,$E$5:$E$14) -> 3 | K12: =VLOOKUP(F12,$O$5:$Q$9,3,TRUE()) -> بلاتيني | L12: =VLOOKUP(F12,$O$5:$P$9,2,TRUE()) -> 0.03 | M12: =E12*L12 -> 7389.93
A13: R09 | B13: وليد الصالح | C13: الجنوبية | D13: 161000 | E13: =SUMIFS(d_Rev,d_Rep,$B13) -> 154603 | F13: =IFERROR(E13/D13,0) -> 0.96026708 | G13: =SUMIFS(d_Profit,d_Rep,$B13) -> 55973 | H13: =COUNTIFS(d_Rep,$B13,d_Status,"مكتمل") -> 86 | I13: =IFERROR(AVERAGEIFS(d_Disc,d_Rep,$B13),0) -> 0.068539326 | J13: =RANK(E13,$E$5:$E$14) -> 10 | K13: =VLOOKUP(F13,$O$5:$Q$9,3,TRUE()) -> فضي | L13: =VLOOKUP(F13,$O$5:$P$9,2,TRUE()) -> 0.02 | M13: =E13*L13 -> 3092.06
A14: R10 | B14: أروى الجبر | C14: الجنوبية | D14: 262000 | E14: =SUMIFS(d_Rev,d_Rep,$B14) -> 224310 | F14: =IFERROR(E14/D14,0) -> 0.85614504 | G14: =SUMIFS(d_Profit,d_Rep,$B14) -> 75175 | H14: =COUNTIFS(d_Rep,$B14,d_Status,"مكتمل") -> 112 | I14: =IFERROR(AVERAGEIFS(d_Disc,d_Rep,$B14),0) -> 0.063478261 | J14: =RANK(E14,$E$5:$E$14) -> 4 | K14: =VLOOKUP(F14,$O$5:$Q$9,3,TRUE()) -> برونزي | L14: =VLOOKUP(F14,$O$5:$P$9,2,TRUE()) -> 0.015 | M14: =E14*L14 -> 3364.65
A15: الإجمالي | D15: =SUM(D5:D14) -> 2190000 | E15: =SUM(E5:E14) -> 2136589.5 | F15: =IFERROR(E15/D15,0) -> 0.97561164 | G15: =SUM(G5:G14) -> 715514.5 | H15: =SUM(H5:H14) -> 1434 | I15: =AVERAGE(d_Disc) -> 0.065333333 | M15: =SUM(M5:M14) -> 45620.607

Sheet الأهداف
A1: الأهداف مقابل الفعلي
A2: ↩ الفهرس | B2: خطة الإيراد الشهرية بأوزان موسمية، ونسب التحقيق التراكمية والإقليمية مع إشارات المرور
A4: الهدف السنوي (ريال) | B4: 2220000
A5: حد «قريب من الهدف» | B5: 0.9
A7: أولاً: الخطة الشهرية
A8: بداية الفترة | B8: الشهر | C8: وزن الموسم | D8: الهدف (ريال) | E8: الفعلي (ريال) | F8: الفرق | G8: نسبة التحقيق | H8: الحالة | I8: الهدف التراكمي | J8: الفعلي التراكمي | K8: التحقيق التراكمي
A9: ='تحليل الزمن'!A5 -> 45931 | B9: ='تحليل الزمن'!B5 -> أكتوبر 2025 | C9: 0.082 | D9: =$B$4*C9 -> 182040 | E9: =SUMIFS(d_Rev,d_Period,$A9) -> 186629.5 | F9: =E9-D9 -> 4589.5 | G9: =IFERROR(E9/D9,0) -> 1.0252115 | H9: =IF(G9>=1,"تحقق",IF(G9>=$B$5,"قريب","لم يتحقق")) -> تحقق | I9: =SUM($D$9:D9) -> 182040 | J9: =SUM($E$9:E9) -> 186629.5 | K9: =IFERROR(J9/I9,0) -> 1.0252115
A10: ='تحليل الزمن'!A6 -> 45962 | B10: ='تحليل الزمن'!B6 -> نوفمبر 2025 | C10: 0.118 | D10: =$B$4*C10 -> 261960 | E10: =SUMIFS(d_Rev,d_Period,$A10) -> 211433 | F10: =E10-D10 -> -50527 | G10: =IFERROR(E10/D10,0) -> 0.80711941 | H10: =IF(G10>=1,"تحقق",IF(G10>=$B$5,"قريب","لم يتحقق")) -> لم يتحقق | I10: =SUM($D$9:D10) -> 444000 | J10: =SUM($E$9:E10) -> 398062.5 | K10: =IFERROR(J10/I10,0) -> 0.89653716
A11: ='تحليل الزمن'!A7 -> 45992 | B11: ='تحليل الزمن'!B7 -> ديسمبر 2025 | C11: 0.094 | D11: =$B$4*C11 -> 208680 | E11: =SUMIFS(d_Rev,d_Period,$A11) -> 183489.5 | F11: =E11-D11 -> -25190.5 | G11: =IFERROR(E11/D11,0) -> 0.87928647 | H11: =IF(G11>=1,"تحقق",IF(G11>=$B$5,"قريب","لم يتحقق")) -> لم يتحقق | I11: =SUM($D$9:D11) -> 652680 | J11: =SUM($E$9:E11) -> 581552 | K11: =IFERROR(J11/I11,0) -> 0.89102163
A12: ='تحليل الزمن'!A8 -> 46023 | B12: ='تحليل الزمن'!B8 -> يناير 2026 | C12: 0.073 | D12: =$B$4*C12 -> 162060 | E12: =SUMIFS(d_Rev,d_Period,$A12) -> 168383.5 | F12: =E12-D12 -> 6323.5 | G12: =IFERROR(E12/D12,0) -> 1.0390195 | H12: =IF(G12>=1,"تحقق",IF(G12>=$B$5,"قريب","لم يتحقق")) -> تحقق | I12: =SUM($D$9:D12) -> 814740 | J12: =SUM($E$9:E12) -> 749935.5 | K12: =IFERROR(J12/I12,0) -> 0.9204599
A13: ='تحليل الزمن'!A9 -> 46054 | B13: ='تحليل الزمن'!B9 -> فبراير 2026 | C13: 0.09 | D13: =$B$4*C13 -> 199800 | E13: =SUMIFS(d_Rev,d_Period,$A13) -> 221778.5 | F13: =E13-D13 -> 21978.5 | G13: =IFERROR(E13/D13,0) -> 1.1100025 | H13: =IF(G13>=1,"تحقق",IF(G13>=$B$5,"قريب","لم يتحقق")) -> تحقق | I13: =SUM($D$9:D13) -> 1014540 | J13: =SUM($E$9:E13) -> 971714 | K13: =IFERROR(J13/I13,0) -> 0.95778777
A14: ='تحليل الزمن'!A10 -> 46082 | B14: ='تحليل الزمن'!B10 -> مارس 2026 | C14: 0.102 | D14: =$B$4*C14 -> 226440 | E14: =SUMIFS(d_Rev,d_Period,$A14) -> 157027.5 | F14: =E14-D14 -> -69412.5 | G14: =IFERROR(E14/D14,0) -> 0.69346184 | H14: =IF(G14>=1,"تحقق",IF(G14>=$B$5,"قريب","لم يتحقق")) -> لم يتحقق | I14: =SUM($D$9:D14) -> 1240980 | J14: =SUM($E$9:E14) -> 1128741.5 | K14: =IFERROR(J14/I14,0) -> 0.90955656
A15: ='تحليل الزمن'!A11 -> 46113 | B15: ='تحليل الزمن'!B11 -> أبريل 2026 | C15: 0.078 | D15: =$B$4*C15 -> 173160 | E15: =SUMIFS(d_Rev,d_Period,$A15) -> 166026.5 | F15: =E15-D15 -> -7133.5 | G15: =IFERROR(E15/D15,0) -> 0.958804 | H15: =IF(G15>=1,"تحقق",IF(G15>=$B$5,"قريب","لم يتحقق")) -> قريب | I15: =SUM($D$9:D15) -> 1414140 | J15: =SUM($E$9:E15) -> 1294768 | K15: =IFERROR(J15/I15,0) -> 0.91558686
A16: ='تحليل الزمن'!A12 -> 46143 | B16: ='تحليل الزمن'!B12 -> مايو 2026 | C16: 0.073 | D16: =$B$4*C16 -> 162060 | E16: =SUMIFS(d_Rev,d_Period,$A16) -> 204552.5 | F16: =E16-D16 -> 42492.5 | G16: =IFERROR(E16/D16,0) -> 1.2622023 | H16: =IF(G16>=1,"تحقق",IF(G16>=$B$5,"قريب","لم يتحقق")) -> تحقق | I16: =SUM($D$9:D16) -> 1576200 | J16: =SUM($E$9:E16) -> 1499320.5 | K16: =IFERROR(J16/I16,0) -> 0.95122478
A17: ='تحليل الزمن'!A13 -> 46174 | B17: ='تحليل الزمن'!B13 -> يونيو 2026 | C17: 0.078 | D17: =$B$4*C17 -> 173160 | E17: =SUMIFS(d_Rev,d_Period,$A17) -> 165984 | F17: =E17-D17 -> -7176 | G17: =IFERROR(E17/D17,0) -> 0.95855856 | H17: =IF(G17>=1,"تحقق",IF(G17>=$B$5,"قريب","لم يتحقق")) -> قريب | I17: =SUM($D$9:D17) -> 1749360 | J17: =SUM($E$9:E17) -> 1665304.5 | K17: =IFERROR(J17/I17,0) -> 0.95195071
A18: ='تحليل الزمن'!A14 -> 46204 | B18: ='تحليل الزمن'!B14 -> يوليو 2026 | C18: 0.065 | D18: =$B$4*C18 -> 144300 | E18: =SUMIFS(d_Rev,d_Period,$A18) -> 137862.5 | F18: =E18-D18 -> -6437.5 | G18: =IFERROR(E18/D18,0) -> 0.95538808 | H18: =IF(G18>=1,"تحقق",IF(G18>=$B$5,"قريب","لم يتحقق")) -> قريب | I18: =SUM($D$9:D18) -> 1893660 | J18: =SUM($E$9:E18) -> 1803167 | K18: =IFERROR(J18/I18,0) -> 0.95221265
A19: ='تحليل الزمن'!A15 -> 46235 | B19: ='تحليل الزمن'!B15 -> أغسطس 2026 | C19: 0.069 | D19: =$B$4*C19 -> 153180 | E19: =SUMIFS(d_Rev,d_Period,$A19) -> 153928.5 | F19: =E19-D19 -> 748.5 | G19: =IFERROR(E19/D19,0) -> 1.0048864 | H19: =IF(G19>=1,"تحقق",IF(G19>=$B$5,"قريب","لم يتحقق")) -> تحقق | I19: =SUM($D$9:D19) -> 2046840 | J19: =SUM($E$9:E19) -> 1957095.5 | K19: =IFERROR(J19/I19,0) -> 0.95615461
A20: ='تحليل الزمن'!A16 -> 46266 | B20: ='تحليل الزمن'!B16 -> سبتمبر 2026 | C20: 0.078 | D20: =$B$4*C20 -> 173160 | E20: =SUMIFS(d_Rev,d_Period,$A20) -> 179494 | F20: =E20-D20 -> 6334 | G20: =IFERROR(E20/D20,0) -> 1.0365789 | H20: =IF(G20>=1,"تحقق",IF(G20>=$B$5,"قريب","لم يتحقق")) -> تحقق | I20: =SUM($D$9:D20) -> 2220000 | J20: =SUM($E$9:E20) -> 2136589.5 | K20: =IFERROR(J20/I20,0) -> 0.9624277
A21: الإجمالي | C21: =SUM(C9:C20) -> 1 | D21: =SUM(D9:D20) -> 2220000 | E21: =SUM(E9:E20) -> 2136589.5 | F21: =E21-D21 -> -83410.5 | G21: =IFERROR(E21/D21,0) -> 0.9624277
A24: ثانياً: الأهداف الإقليمية
A25: المنطقة | B25: الهدف (ريال) | C25: الفعلي (ريال) | D25: الفرق | E25: نسبة التحقيق | F25: الحالة
A26: الوسطى | B26: 670000 | C26: =SUMIFS(d_Rev,d_Region,$A26) -> 692926.5 | D26: =C26-B26 -> 22926.5 | E26: =IFERROR(C26/B26,0) -> 1.0342187 | F26: =IF(E26>=1,"تحقق",IF(E26>=$B$5,"قريب","لم يتحقق")) -> تحقق
A27: الغربية | B27: 560000 | C27: =SUMIFS(d_Rev,d_Region,$A27) -> 565303 | D27: =C27-B27 -> 5303 | E27: =IFERROR(C27/B27,0) -> 1.0094696 | F27: =IF(E27>=1,"تحقق",IF(E27>=$B$5,"قريب","لم يتحقق")) -> تحقق
A28: الشرقية | B28: 530000 | C28: =SUMIFS(d_Rev,d_Region,$A28) -> 499447 | D28: =C28-B28 -> -30553 | E28: =IFERROR(C28/B28,0) -> 0.94235283 | F28: =IF(E28>=1,"تحقق",IF(E28>=$B$5,"قريب","لم يتحقق")) -> قريب
A29: الجنوبية | B29: 360000 | C29: =SUMIFS(d_Rev,d_Region,$A29) -> 378913 | D29: =C29-B29 -> 18913 | E29: =IFERROR(C29/B29,0) -> 1.0525361 | F29: =IF(E29>=1,"تحقق",IF(E29>=$B$5,"قريب","لم يتحقق")) -> تحقق
A30: الإجمالي | B30: =SUM(B26:B29) -> 2120000 | C30: =SUM(C26:C29) -> 2136589.5 | D30: =C30-B30 -> 16589.5 | E30: =IFERROR(C30/B30,0) -> 1.0078252

Sheet الإحصاء والتنبؤ
A1: الإحصاء الوصفي، الارتباط، والتنبؤ
A2: ↩ الفهرس | B2: قيمة الطلب: مقاييس التمركز والتشتت والشواذ، علاقة الخصم بالهامش، وتنبؤ الأشهر الثلاثة القادمة
A3: أولاً: الإحصاء الوصفي لقيمة الطلب المكتمل | K3: المدرج التكراري لقيمة الطلب
A4: مستوى الدلالة α | B4: 0.05 | K4: عرض الفئة (ريال) | L4: 500
A5: المقياس | B5: القيمة | C5: المعنى | K5: الفئة | L5: من | M5: إلى | N5: التكرار | O5: النسبة
A6: عدد الطلبات المكتملة | B6: =COUNT(d_RevPos) -> 1434 | C6: حجم العينة المستخدمة | K6: =TEXT(L6,"#,##0")&" - "&TEXT(M6,"#,##0") -> 0 - 500 | L6: 0 | M6: =L6+$L$4 -> 500 | N6: =COUNTIFS(d_RevPos,">="&L6,d_RevPos,"<"&M6) -> 508 | O6: =IFERROR(N6/SUM($N$6:$N$16),0) -> 0.35425384
A7: المتوسط | B7: =AVERAGE(d_RevPos) -> 1489.9508 | C7: متوسط قيمة الطلب بالريال | K7: =TEXT(L7,"#,##0")&" - "&TEXT(M7,"#,##0") -> 500 - 1,000 | L7: =M6 -> 500 | M7: =L7+$L$4 -> 1000 | N7: =COUNTIFS(d_RevPos,">="&L7,d_RevPos,"<"&M7) -> 321 | O7: =IFERROR(N7/SUM($N$6:$N$16),0) -> 0.22384937
A8: الوسيط | B8: =MEDIAN(d_RevPos) -> 748.5 | C8: القيمة التي يقع نصف الطلبات تحتها؛ أقل من المتوسط يعني التواءً لليمين | K8: =TEXT(L8,"#,##0")&" - "&TEXT(M8,"#,##0") -> 1,000 - 1,500 | L8: =M7 -> 1000 | M8: =L8+$L$4 -> 1500 | N8: =COUNTIFS(d_RevPos,">="&L8,d_RevPos,"<"&M8) -> 177 | O8: =IFERROR(N8/SUM($N$6:$N$16),0) -> 0.12343096
A9: الانحراف المعياري | B9: =STDEV(d_RevPos) -> 2436.5388 | C9: مدى تشتت قيم الطلبات حول المتوسط | K9: =TEXT(L9,"#,##0")&" - "&TEXT(M9,"#,##0") -> 1,500 - 2,000 | L9: =M8 -> 1500 | M9: =L9+$L$4 -> 2000 | N9: =COUNTIFS(d_RevPos,">="&L9,d_RevPos,"<"&M9) -> 140 | O9: =IFERROR(N9/SUM($N$6:$N$16),0) -> 0.09762901
A10: التباين | B10: =VAR(d_RevPos) -> 5936721.2 | C10: مربع الانحراف المعياري | K10: =TEXT(L10,"#,##0")&" - "&TEXT(M10,"#,##0") -> 2,000 - 2,500 | L10: =M9 -> 2000 | M10: =L10+$L$4 -> 2500 | N10: =COUNTIFS(d_RevPos,">="&L10,d_RevPos,"<"&M10) -> 92 | O10: =IFERROR(N10/SUM($N$6:$N$16),0) -> 0.064156206
A11: معامل الاختلاف | B11: =IFERROR(B9/B7,0) -> 1.6353149 | C11: التشتت النسبي؛ أعلى من 100% = تباين كبير جداً | K11: =TEXT(L11,"#,##0")&" - "&TEXT(M11,"#,##0") -> 2,500 - 3,000 | L11: =M10 -> 2500 | M11: =L11+$L$4 -> 3000 | N11: =COUNTIFS(d_RevPos,">="&L11,d_RevPos,"<"&M11) -> 29 | O11: =IFERROR(N11/SUM($N$6:$N$16),0) -> 0.020223152
A12: الأدنى | B12: =MIN(d_RevPos) -> 72 | C12: أصغر طلب | K12: =TEXT(L12,"#,##0")&" - "&TEXT(M12,"#,##0") -> 3,000 - 3,500 | L12: =M11 -> 3000 | M12: =L12+$L$4 -> 3500 | N12: =COUNTIFS(d_RevPos,">="&L12,d_RevPos,"<"&M12) -> 47 | O12: =IFERROR(N12/SUM($N$6:$N$16),0) -> 0.032775453
A13: الأعلى | B13: =MAX(d_RevPos) -> 30000 | C13: أكبر طلب | K13: =TEXT(L13,"#,##0")&" - "&TEXT(M13,"#,##0") -> 3,500 - 4,000 | L13: =M12 -> 3500 | M13: =L13+$L$4 -> 4000 | N13: =COUNTIFS(d_RevPos,">="&L13,d_RevPos,"<"&M13) -> 31 | O13: =IFERROR(N13/SUM($N$6:$N$16),0) -> 0.021617852
A14: المدى | B14: =B13-B12 -> 29928 | C14: الفرق بين الأكبر والأصغر | K14: =TEXT(L14,"#,##0")&" - "&TEXT(M14,"#,##0") -> 4,000 - 4,500 | L14: =M13 -> 4000 | M14: =L14+$L$4 -> 4500 | N14: =COUNTIFS(d_RevPos,">="&L14,d_RevPos,"<"&M14) -> 14 | O14: =IFERROR(N14/SUM($N$6:$N$16),0) -> 0.009762901
A15: الربع الأول Q1 | B15: =QUARTILE(d_RevPos,1) -> 365.75 | C15: 25% من الطلبات أقل من هذه القيمة | K15: =TEXT(L15,"#,##0")&" - "&TEXT(M15,"#,##0") -> 4,500 - 5,000 | L15: =M14 -> 4500 | M15: =L15+$L$4 -> 5000 | N15: =COUNTIFS(d_RevPos,">="&L15,d_RevPos,"<"&M15) -> 14 | O15: =IFERROR(N15/SUM($N$6:$N$16),0) -> 0.009762901
A16: الربع الثالث Q3 | B16: =QUARTILE(d_RevPos,3) -> 1729 | C16: 75% من الطلبات أقل من هذه القيمة | K16: =TEXT(L16,"#,##0")&"+" -> 5,000+ | L16: =M15 -> 5000 | N16: =COUNTIF(d_RevPos,">="&L16) -> 61 | O16: =IFERROR(N16/SUM($N$6:$N$16),0) -> 0.042538354
A17: المدى الربعي IQR | B17: =B16-B15 -> 1363.25 | C17: عرض النصف الأوسط من البيانات
A18: الالتواء | B18: =SKEW(d_RevPos) -> 5.6988401 | C18: موجب = ذيل طويل نحو الطلبات الكبيرة
A19: التفلطح | B19: =KURT(d_RevPos) -> 44.713593 | C19: موجب = ذيول ثقيلة وقيم متطرفة أكثر من التوزيع الطبيعي
A20: هامش الثقة للمتوسط | B20: =CONFIDENCE($B$4,B9,B6) -> 126.10922 | C20: نصف عرض مجال الثقة (حسب α)
A21: الحد الأدنى لمجال الثقة | B21: =B7-B20 -> 1363.8416 | C21: المتوسط − هامش الثقة
A22: الحد الأعلى لمجال الثقة | B22: =B7+B20 -> 1616.0601 | C22: المتوسط + هامش الثقة
A23: حد القيم الشاذة العلوي | B23: =B16+1.5*B17 -> 3773.875 | C23: Q3 + 1.5 × IQR (قاعدة تيوكي)
A24: عدد القيم الشاذة | B24: =COUNTIF(d_RevPos,">"&B23) -> 105 | C24: طلبات تتجاوز الحد العلوي
A25: نسبة القيم الشاذة | B25: =IFERROR(B24/B6,0) -> 0.073221757 | C25: حصة الشواذ من الطلبات
A28: ثانياً: الارتباط والانحدار
A29: المؤشر | B29: القيمة | C29: التفسير
A30: ارتباط الخصم بهامش الربح | B30: =CORREL(d_Disc,d_Margin) -> -0.4147788 | C30: =IF(ABS(B30)>=0.7,"قوي",IF(ABS(B30)>=0.4,"متوسط",IF(ABS(B30)>=0.2,"ضعيف","شبه معدوم")))&IF(B30<0," (عكسي)"," (طردي)") -> متوسط (عكسي)
A31: ميل الانحدار (الهامش لكل وحدة خصم) | B31: =SLOPE(d_Margin,d_Disc) -> -0.72620813 | C31: تغيّر الهامش عند زيادة الخصم بمقدار 100% (اضرب في 0.1 لكل 10 نقاط)
A32: المقطع | B32: =INTERCEPT(d_Margin,d_Disc) -> 0.43588025 | C32: الهامش المتوقع بدون خصم
A33: معامل التحديد R² | B33: =RSQ(d_Margin,d_Disc) -> 0.17204145 | C33: نسبة تباين الهامش التي يفسرها الخصم
A34: ارتباط الكمية بقيمة الطلب | B34: =CORREL(d_Qty,d_RevPos) -> 0.5965996 | C34: =IF(ABS(B34)>=0.7,"قوي",IF(ABS(B34)>=0.4,"متوسط",IF(ABS(B34)>=0.2,"ضعيف","شبه معدوم")))&IF(B34<0," (عكسي)"," (طردي)") -> متوسط (طردي)
A35: ارتباط سعر الوحدة بالكمية | B35: =CORREL(d_Price,d_Qty) -> -0.1419963 | C35: =IF(ABS(B35)>=0.7,"قوي",IF(ABS(B35)>=0.4,"متوسط",IF(ABS(B35)>=0.2,"ضعيف","شبه معدوم")))&IF(B35<0," (عكسي)"," (طردي)") -> شبه معدوم (عكسي)
A38: ثالثاً: التنبؤ بالإيراد (اتجاه خطي + تعديل موسمي)
A39: # | B39: الشهر | C39: الفعلي | D39: تنبؤ خطي | E39: الحد الأدنى | F39: الحد الأعلى | G39: الفعلي بعد إزالة الموسمية | H39: تنبؤ موسمي | I39: بداية الفترة
A40: 1 | B40: =CHOOSE(MONTH(I40),"يناير","فبراير","مارس","أبريل","مايو","يونيو","يوليو","أغسطس","سبتمبر","أكتوبر","نوفمبر","ديسمبر")&" "&YEAR(I40) -> أكتوبر 2025 | C40: ='تحليل الزمن'!C5 -> 186629.5 | D40: =FORECAST($A40,$C$40:$C$51,$A$40:$A$51) -> 196704.83 | E40: =D40-NORMSINV(1-$B$4/2)*$B$57 -> 151961.66 | F40: =D40+NORMSINV(1-$B$4/2)*$B$57 -> 241447.99 | G40: =C40/'تحليل الزمن'!J5 -> 178049.12 | H40: =FORECAST($A40,$G$40:$G$51,$A$40:$A$51)*INDEX('تحليل الزمن'!$J$5:$J$16,MOD($A40-1,12)+1) -> 186629.5 | I40: =EDATE('تحليل الزمن'!$A$5,A40-1) -> 45931
A41: 2 | B41: =CHOOSE(MONTH(I41),"يناير","فبراير","مارس","أبريل","مايو","يونيو","يوليو","أغسطس","سبتمبر","أكتوبر","نوفمبر","ديسمبر")&" "&YEAR(I41) -> نوفمبر 2025 | C41: ='تحليل الزمن'!C6 -> 211433 | D41: =FORECAST($A41,$C$40:$C$51,$A$40:$A$51) -> 193312.88 | E41: =D41-NORMSINV(1-$B$4/2)*$B$57 -> 148569.71 | F41: =D41+NORMSINV(1-$B$4/2)*$B$57 -> 238056.05 | G41: =C41/'تحليل الزمن'!J6 -> 178049.12 | H41: =FORECAST($A41,$G$40:$G$51,$A$40:$A$51)*INDEX('تحليل الزمن'!$J$5:$J$16,MOD($A41-1,12)+1) -> 211433 | I41: =EDATE('تحليل الزمن'!$A$5,A41-1) -> 45962
A42: 3 | B42: =CHOOSE(MONTH(I42),"يناير","فبراير","مارس","أبريل","مايو","يونيو","يوليو","أغسطس","سبتمبر","أكتوبر","نوفمبر","ديسمبر")&" "&YEAR(I42) -> ديسمبر 2025 | C42: ='تحليل الزمن'!C7 -> 183489.5 | D42: =FORECAST($A42,$C$40:$C$51,$A$40:$A$51) -> 189920.94 | E42: =D42-NORMSINV(1-$B$4/2)*$B$57 -> 145177.77 | F42: =D42+NORMSINV(1-$B$4/2)*$B$57 -> 234664.1 | G42: =C42/'تحليل الزمن'!J7 -> 178049.12 | H42: =FORECAST($A42,$G$40:$G$51,$A$40:$A$51)*INDEX('تحليل الزمن'!$J$5:$J$16,MOD($A42-1,12)+1) -> 183489.5 | I42: =EDATE('تحليل الزمن'!$A$5,A42-1) -> 45992
A43: 4 | B43: =CHOOSE(MONTH(I43),"يناير","فبراير","مارس","أبريل","مايو","يونيو","يوليو","أغسطس","سبتمبر","أكتوبر","نوفمبر","ديسمبر")&" "&YEAR(I43) -> يناير 2026 | C43: ='تحليل الزمن'!C8 -> 168383.5 | D43: =FORECAST($A43,$C$40:$C$51,$A$40:$A$51) -> 186528.99 | E43: =D43-NORMSINV(1-$B$4/2)*$B$57 -> 141785.82 | F43: =D43+NORMSINV(1-$B$4/2)*$B$57 -> 231272.16 | G43: =C43/'تحليل الزمن'!J8 -> 178049.12 | H43: =FORECAST($A43,$G$40:$G$51,$A$40:$A$51)*INDEX('تحليل الزمن'!$J$5:$J$16,MOD($A43-1,12)+1) -> 168383.5 | I43: =EDATE('تحليل الزمن'!$A$5,A43-1) -> 46023
A44: 5 | B44: =CHOOSE(MONTH(I44),"يناير","فبراير","مارس","أبريل","مايو","يونيو","يوليو","أغسطس","سبتمبر","أكتوبر","نوفمبر","ديسمبر")&" "&YEAR(I44) -> فبراير 2026 | C44: ='تحليل الزمن'!C9 -> 221778.5 | D44: =FORECAST($A44,$C$40:$C$51,$A$40:$A$51) -> 183137.04 | E44: =D44-NORMSINV(1-$B$4/2)*$B$57 -> 138393.88 | F44: =D44+NORMSINV(1-$B$4/2)*$B$57 -> 227880.21 | G44: =C44/'تحليل الزمن'!J9 -> 178049.12 | H44: =FORECAST($A44,$G$40:$G$51,$A$40:$A$51)*INDEX('تحليل الزمن'!$J$5:$J$16,MOD($A44-1,12)+1) -> 221778.5 | I44: =EDATE('تحليل الزمن'!$A$5,A44-1) -> 46054
A45: 6 | B45: =CHOOSE(MONTH(I45),"يناير","فبراير","مارس","أبريل","مايو","يونيو","يوليو","أغسطس","سبتمبر","أكتوبر","نوفمبر","ديسمبر")&" "&YEAR(I45) -> مارس 2026 | C45: ='تحليل الزمن'!C10 -> 157027.5 | D45: =FORECAST($A45,$C$40:$C$51,$A$40:$A$51) -> 179745.1 | E45: =D45-NORMSINV(1-$B$4/2)*$B$57 -> 135001.93 | F45: =D45+NORMSINV(1-$B$4/2)*$B$57 -> 224488.26 | G45: =C45/'تحليل الزمن'!J10 -> 178049.12 | H45: =FORECAST($A45,$G$40:$G$51,$A$40:$A$51)*INDEX('تحليل الزمن'!$J$5:$J$16,MOD($A45-1,12)+1) -> 157027.5 | I45: =EDATE('تحليل الزمن'!$A$5,A45-1) -> 46082
A46: 7 | B46: =CHOOSE(MONTH(I46),"يناير","فبراير","مارس","أبريل","مايو","يونيو","يوليو","أغسطس","سبتمبر","أكتوبر","نوفمبر","ديسمبر")&" "&YEAR(I46) -> أبريل 2026 | C46: ='تحليل الزمن'!C11 -> 166026.5 | D46: =FORECAST($A46,$C$40:$C$51,$A$40:$A$51) -> 176353.15 | E46: =D46-NORMSINV(1-$B$4/2)*$B$57 -> 131609.99 | F46: =D46+NORMSINV(1-$B$4/2)*$B$57 -> 221096.32 | G46: =C46/'تحليل الزمن'!J11 -> 178049.12 | H46: =FORECAST($A46,$G$40:$G$51,$A$40:$A$51)*INDEX('تحليل الزمن'!$J$5:$J$16,MOD($A46-1,12)+1) -> 166026.5 | I46: =EDATE('تحليل الزمن'!$A$5,A46-1) -> 46113
A47: 8 | B47: =CHOOSE(MONTH(I47),"يناير","فبراير","مارس","أبريل","مايو","يونيو","يوليو","أغسطس","سبتمبر","أكتوبر","نوفمبر","ديسمبر")&" "&YEAR(I47) -> مايو 2026 | C47: ='تحليل الزمن'!C12 -> 204552.5 | D47: =FORECAST($A47,$C$40:$C$51,$A$40:$A$51) -> 172961.21 | E47: =D47-NORMSINV(1-$B$4/2)*$B$57 -> 128218.04 | F47: =D47+NORMSINV(1-$B$4/2)*$B$57 -> 217704.37 | G47: =C47/'تحليل الزمن'!J12 -> 178049.12 | H47: =FORECAST($A47,$G$40:$G$51,$A$40:$A$51)*INDEX('تحليل الزمن'!$J$5:$J$16,MOD($A47-1,12)+1) -> 204552.5 | I47: =EDATE('تحليل الزمن'!$A$5,A47-1) -> 46143
A48: 9 | B48: =CHOOSE(MONTH(I48),"يناير","فبراير","مارس","أبريل","مايو","يونيو","يوليو","أغسطس","سبتمبر","أكتوبر","نوفمبر","ديسمبر")&" "&YEAR(I48) -> يونيو 2026 | C48: ='تحليل الزمن'!C13 -> 165984 | D48: =FORECAST($A48,$C$40:$C$51,$A$40:$A$51) -> 169569.26 | E48: =D48-NORMSINV(1-$B$4/2)*$B$57 -> 124826.09 | F48: =D48+NORMSINV(1-$B$4/2)*$B$57 -> 214312.43 | G48: =C48/'تحليل الزمن'!J13 -> 178049.12 | H48: =FORECAST($A48,$G$40:$G$51,$A$40:$A$51)*INDEX('تحليل الزمن'!$J$5:$J$16,MOD($A48-1,12)+1) -> 165984 | I48: =EDATE('تحليل الزمن'!$A$5,A48-1) -> 46174
A49: 10 | B49: =CHOOSE(MONTH(I49),"يناير","فبراير","مارس","أبريل","مايو","يونيو","يوليو","أغسطس","سبتمبر","أكتوبر","نوفمبر","ديسمبر")&" "&YEAR(I49) -> يوليو 2026 | C49: ='تحليل الزمن'!C14 -> 137862.5 | D49: =FORECAST($A49,$C$40:$C$51,$A$40:$A$51) -> 166177.31 | E49: =D49-NORMSINV(1-$B$4/2)*$B$57 -> 121434.15 | F49: =D49+NORMSINV(1-$B$4/2)*$B$57 -> 210920.48 | G49: =C49/'تحليل الزمن'!J14 -> 178049.12 | H49: =FORECAST($A49,$G$40:$G$51,$A$40:$A$51)*INDEX('تحليل الزمن'!$J$5:$J$16,MOD($A49-1,12)+1) -> 137862.5 | I49: =EDATE('تحليل الزمن'!$A$5,A49-1) -> 46204
A50: 11 | B50: =CHOOSE(MONTH(I50),"يناير","فبراير","مارس","أبريل","مايو","يونيو","يوليو","أغسطس","سبتمبر","أكتوبر","نوفمبر","ديسمبر")&" "&YEAR(I50) -> أغسطس 2026 | C50: ='تحليل الزمن'!C15 -> 153928.5 | D50: =FORECAST($A50,$C$40:$C$51,$A$40:$A$51) -> 162785.37 | E50: =D50-NORMSINV(1-$B$4/2)*$B$57 -> 118042.2 | F50: =D50+NORMSINV(1-$B$4/2)*$B$57 -> 207528.54 | G50: =C50/'تحليل الزمن'!J15 -> 178049.12 | H50: =FORECAST($A50,$G$40:$G$51,$A$40:$A$51)*INDEX('تحليل الزمن'!$J$5:$J$16,MOD($A50-1,12)+1) -> 153928.5 | I50: =EDATE('تحليل الزمن'!$A$5,A50-1) -> 46235
A51: 12 | B51: =CHOOSE(MONTH(I51),"يناير","فبراير","مارس","أبريل","مايو","يونيو","يوليو","أغسطس","سبتمبر","أكتوبر","نوفمبر","ديسمبر")&" "&YEAR(I51) -> سبتمبر 2026 | C51: ='تحليل الزمن'!C16 -> 179494 | D51: =FORECAST($A51,$C$40:$C$51,$A$40:$A$51) -> 159393.42 | E51: =D51-NORMSINV(1-$B$4/2)*$B$57 -> 114650.26 | F51: =D51+NORMSINV(1-$B$4/2)*$B$57 -> 204136.59 | G51: =C51/'تحليل الزمن'!J16 -> 178049.12 | H51: =FORECAST($A51,$G$40:$G$51,$A$40:$A$51)*INDEX('تحليل الزمن'!$J$5:$J$16,MOD($A51-1,12)+1) -> 179494 | I51: =EDATE('تحليل الزمن'!$A$5,A51-1) -> 46266
A52: 13 | B52: =CHOOSE(MONTH(I52),"يناير","فبراير","مارس","أبريل","مايو","يونيو","يوليو","أغسطس","سبتمبر","أكتوبر","نوفمبر","ديسمبر")&" "&YEAR(I52) -> أكتوبر 2026 | D52: =FORECAST($A52,$C$40:$C$51,$A$40:$A$51) -> 156001.48 | E52: =D52-NORMSINV(1-$B$4/2)*$B$57 -> 111258.31 | F52: =D52+NORMSINV(1-$B$4/2)*$B$57 -> 200744.64 | H52: =FORECAST($A52,$G$40:$G$51,$A$40:$A$51)*INDEX('تحليل الزمن'!$J$5:$J$16,MOD($A52-1,12)+1) -> 186629.5 | I52: =EDATE('تحليل الزمن'!$A$5,A52-1) -> 46296
A53: 14 | B53: =CHOOSE(MONTH(I53),"يناير","فبراير","مارس","أبريل","مايو","يونيو","يوليو","أغسطس","سبتمبر","أكتوبر","نوفمبر","ديسمبر")&" "&YEAR(I53) -> نوفمبر 2026 | D53: =FORECAST($A53,$C$40:$C$51,$A$40:$A$51) -> 152609.53 | E53: =D53-NORMSINV(1-$B$4/2)*$B$57 -> 107866.36 | F53: =D53+NORMSINV(1-$B$4/2)*$B$57 -> 197352.7 | H53: =FORECAST($A53,$G$40:$G$51,$A$40:$A$51)*INDEX('تحليل الزمن'!$J$5:$J$16,MOD($A53-1,12)+1) -> 211433 | I53: =EDATE('تحليل الزمن'!$A$5,A53-1) -> 46327
A54: 15 | B54: =CHOOSE(MONTH(I54),"يناير","فبراير","مارس","أبريل","مايو","يونيو","يوليو","أغسطس","سبتمبر","أكتوبر","نوفمبر","ديسمبر")&" "&YEAR(I54) -> ديسمبر 2026 | D54: =FORECAST($A54,$C$40:$C$51,$A$40:$A$51) -> 149217.59 | E54: =D54-NORMSINV(1-$B$4/2)*$B$57 -> 104474.42 | F54: =D54+NORMSINV(1-$B$4/2)*$B$57 -> 193960.75 | H54: =FORECAST($A54,$G$40:$G$51,$A$40:$A$51)*INDEX('تحليل الزمن'!$J$5:$J$16,MOD($A54-1,12)+1) -> 183489.5 | I54: =EDATE('تحليل الزمن'!$A$5,A54-1) -> 46357
A56: مؤشرات نموذج التنبؤ
A57: الخطأ المعياري للتقدير (STEYX) | B57: =STEYX($C$40:$C$51,$A$40:$A$51) -> 22828.566
A58: ميل الاتجاه الشهري (ريال/شهر) | B58: =SLOPE($C$40:$C$51,$A$40:$A$51) -> -3391.9458
A59: R² للاتجاه الخطي | B59: =RSQ($C$40:$C$51,$A$40:$A$51) -> 0.23994916
A60: إجمالي التنبؤ الموسمي للأشهر الثلاثة القادمة | B60: =SUM(H52:H54) -> 581552
A61: إجمالي التنبؤ الخطي للأشهر الثلاثة القادمة | B61: =SUM(D52:D54) -> 457828.59

Sheet السيناريوهات
A1: تحليل السيناريوهات والحساسية (What-If)
A2: ↩ الفهرس | B2: غيّر الخلايا الصفراء لترى أثر السعر والحجم والتكلفة على صافي الربح
A4: أولاً: مدخلات السيناريوهات
A5: العامل | B5: أساسي | C5: متفائل | D5: متشائم | E5: مخصص
A6: تغيّر سعر البيع | B6: 0 | C6: 0.05 | D6: -0.05 | E6: 0.03
A7: تغيّر حجم المبيعات | B7: 0 | C7: 0.1 | D7: -0.1 | E7: 0.04
A8: تغيّر تكلفة الوحدة | B8: 0 | C8: 0.02 | D8: 0.06 | E8: 0.02
A9: تغيّر المصروفات التشغيلية | B9: 0 | C9: 0.03 | D9: 0.08 | E9: 0.05
A11: الإيراد الأساسي (ريال) | B11: =SUM(d_Rev) -> 2136589.5
A12: تكلفة المبيعات الأساسية (ريال) | B12: =SUM(d_Cost) -> 1421075
A13: المصروفات التشغيلية الأساسية (ريال) | B13: 256000
A15: ثانياً: نتائج السيناريوهات
A16: البند | B16: أساسي | C16: متفائل | D16: متشائم | E16: مخصص
A17: الإيراد | B17: =$B$11*(1+B$6)*(1+B$7) -> 2136589.5 | C17: =$B$11*(1+C$6)*(1+C$7) -> 2467760.9 | D17: =$B$11*(1+D$6)*(1+D$7) -> 1826784 | E17: =$B$11*(1+E$6)*(1+E$7) -> 2288714.7
A18: تكلفة المبيعات | B18: =$B$12*(1+B$7)*(1+B$8) -> 1421075 | C18: =$B$12*(1+C$7)*(1+C$8) -> 1594446.1 | D18: =$B$12*(1+D$7)*(1+D$8) -> 1355705.6 | E18: =$B$12*(1+E$7)*(1+E$8) -> 1507476.4
A19: مجمل الربح | B19: =B17-B18 -> 715514.5 | C19: =C17-C18 -> 873314.72 | D19: =D17-D18 -> 471078.47 | E19: =E17-E18 -> 781238.31
A20: هامش مجمل الربح | B20: =IFERROR(B19/B17,0) -> 0.33488628 | C20: =IFERROR(C19/C17,0) -> 0.35388952 | D20: =IFERROR(D19/D17,0) -> 0.25787311 | E20: =IFERROR(E19/E17,0) -> 0.34134369
A21: المصروفات التشغيلية | B21: =$B$13*(1+B$9) -> 256000 | C21: =$B$13*(1+C$9) -> 263680 | D21: =$B$13*(1+D$9) -> 276480 | E21: =$B$13*(1+E$9) -> 268800
A22: صافي الربح | B22: =B19-B21 -> 459514.5 | C22: =C19-C21 -> 609634.72 | D22: =D19-D21 -> 194598.47 | E22: =E19-E21 -> 512438.31
A23: هامش صافي الربح | B23: =IFERROR(B22/B17,0) -> 0.21506916 | C23: =IFERROR(C22/C17,0) -> 0.24703963 | D23: =IFERROR(D22/D17,0) -> 0.10652517 | E23: =IFERROR(E22/E17,0) -> 0.22389786
A24: التغيّر في صافي الربح عن الأساسي | B24: =B22-$B$22 -> 0 | C24: =C22-$B$22 -> 150120.22 | D24: =D22-$B$22 -> -264916.03 | E24: =E22-$B$22 -> 52923.812
A25: نسبة التغيّر | B25: =IFERROR(B24/ABS($B$22),0) -> 0 | C25: =IFERROR(C24/ABS($B$22),0) -> 0.32669311 | D25: =IFERROR(D24/ABS($B$22),0) -> -0.57651288 | E25: =IFERROR(E24/ABS($B$22),0) -> 0.11517332
A27: ثالثاً: جدول حساسية صافي الربح (السعر ↓ × الحجم →)
A28: السعر ↓ / الحجم → | B28: -0.15 | C28: -0.1 | D28: -0.05 | E28: 0 | F28: 0.05 | G28: 0.1 | H28: 0.15
A29: -0.15 | B29: =$B$11*(1+$A29)*(1+B$28)-$B$12*(1+B$28)-$B$13 -> 79772.164 | C29: =$B$11*(1+$A29)*(1+C$28)-$B$12*(1+C$28)-$B$13 -> 99523.467 | D29: =$B$11*(1+$A29)*(1+D$28)-$B$12*(1+D$28)-$B$13 -> 119274.77 | E29: =$B$11*(1+$A29)*(1+E$28)-$B$12*(1+E$28)-$B$13 -> 139026.08 | F29: =$B$11*(1+$A29)*(1+F$28)-$B$12*(1+F$28)-$B$13 -> 158777.38 | G29: =$B$11*(1+$A29)*(1+G$28)-$B$12*(1+G$28)-$B$13 -> 178528.68 | H29: =$B$11*(1+$A29)*(1+H$28)-$B$12*(1+H$28)-$B$13 -> 198279.99
A30: -0.1 | B30: =$B$11*(1+$A30)*(1+B$28)-$B$12*(1+B$28)-$B$13 -> 170577.22 | C30: =$B$11*(1+$A30)*(1+C$28)-$B$12*(1+C$28)-$B$13 -> 195669.99 | D30: =$B$11*(1+$A30)*(1+D$28)-$B$12*(1+D$28)-$B$13 -> 220762.77 | E30: =$B$11*(1+$A30)*(1+E$28)-$B$12*(1+E$28)-$B$13 -> 245855.55 | F30: =$B$11*(1+$A30)*(1+F$28)-$B$12*(1+F$28)-$B$13 -> 270948.33 | G30: =$B$11*(1+$A30)*(1+G$28)-$B$12*(1+G$28)-$B$13 -> 296041.1 | H30: =$B$11*(1+$A30)*(1+H$28)-$B$12*(1+H$28)-$B$13 -> 321133.88
A31: -0.05 | B31: =$B$11*(1+$A31)*(1+B$28)-$B$12*(1+B$28)-$B$13 -> 261382.27 | C31: =$B$11*(1+$A31)*(1+C$28)-$B$12*(1+C$28)-$B$13 -> 291816.52 | D31: =$B$11*(1+$A31)*(1+D$28)-$B$12*(1+D$28)-$B$13 -> 322250.77 | E31: =$B$11*(1+$A31)*(1+E$28)-$B$12*(1+E$28)-$B$13 -> 352685.03 | F31: =$B$11*(1+$A31)*(1+F$28)-$B$12*(1+F$28)-$B$13 -> 383119.28 | G31: =$B$11*(1+$A31)*(1+G$28)-$B$12*(1+G$28)-$B$13 -> 413553.53 | H31: =$B$11*(1+$A31)*(1+H$28)-$B$12*(1+H$28)-$B$13 -> 443987.78
A32: 0 | B32: =$B$11*(1+$A32)*(1+B$28)-$B$12*(1+B$28)-$B$13 -> 352187.33 | C32: =$B$11*(1+$A32)*(1+C$28)-$B$12*(1+C$28)-$B$13 -> 387963.05 | D32: =$B$11*(1+$A32)*(1+D$28)-$B$12*(1+D$28)-$B$13 -> 423738.78 | E32: =$B$11*(1+$A32)*(1+E$28)-$B$12*(1+E$28)-$B$13 -> 459514.5 | F32: =$B$11*(1+$A32)*(1+F$28)-$B$12*(1+F$28)-$B$13 -> 495290.22 | G32: =$B$11*(1+$A32)*(1+G$28)-$B$12*(1+G$28)-$B$13 -> 531065.95 | H32: =$B$11*(1+$A32)*(1+H$28)-$B$12*(1+H$28)-$B$13 -> 566841.68
A33: 0.05 | B33: =$B$11*(1+$A33)*(1+B$28)-$B$12*(1+B$28)-$B$13 -> 442992.38 | C33: =$B$11*(1+$A33)*(1+C$28)-$B$12*(1+C$28)-$B$13 -> 484109.58 | D33: =$B$11*(1+$A33)*(1+D$28)-$B$12*(1+D$28)-$B$13 -> 525226.78 | E33: =$B$11*(1+$A33)*(1+E$28)-$B$12*(1+E$28)-$B$13 -> 566343.97 | F33: =$B$11*(1+$A33)*(1+F$28)-$B$12*(1+F$28)-$B$13 -> 607461.17 | G33: =$B$11*(1+$A33)*(1+G$28)-$B$12*(1+G$28)-$B$13 -> 648578.37 | H33: =$B$11*(1+$A33)*(1+H$28)-$B$12*(1+H$28)-$B$13 -> 689695.57
A34: 0.1 | B34: =$B$11*(1+$A34)*(1+B$28)-$B$12*(1+B$28)-$B$13 -> 533797.43 | C34: =$B$11*(1+$A34)*(1+C$28)-$B$12*(1+C$28)-$B$13 -> 580256.1 | D34: =$B$11*(1+$A34)*(1+D$28)-$B$12*(1+D$28)-$B$13 -> 626714.78 | E34: =$B$11*(1+$A34)*(1+E$28)-$B$12*(1+E$28)-$B$13 -> 673173.45 | F34: =$B$11*(1+$A34)*(1+F$28)-$B$12*(1+F$28)-$B$13 -> 719632.12 | G34: =$B$11*(1+$A34)*(1+G$28)-$B$12*(1+G$28)-$B$13 -> 766090.8 | H34: =$B$11*(1+$A34)*(1+H$28)-$B$12*(1+H$28)-$B$13 -> 812549.47
A35: 0.15 | B35: =$B$11*(1+$A35)*(1+B$28)-$B$12*(1+B$28)-$B$13 -> 624602.49 | C35: =$B$11*(1+$A35)*(1+C$28)-$B$12*(1+C$28)-$B$13 -> 676402.63 | D35: =$B$11*(1+$A35)*(1+D$28)-$B$12*(1+D$28)-$B$13 -> 728202.78 | E35: =$B$11*(1+$A35)*(1+E$28)-$B$12*(1+E$28)-$B$13 -> 780002.93 | F35: =$B$11*(1+$A35)*(1+F$28)-$B$12*(1+F$28)-$B$13 -> 831803.07 | G35: =$B$11*(1+$A35)*(1+G$28)-$B$12*(1+G$28)-$B$13 -> 883603.22 | H35: =$B$11*(1+$A35)*(1+H$28)-$B$12*(1+H$28)-$B$13 -> 935403.36
A37: رابعاً: أثر السيناريو المختار على الفئات
A38: السيناريو المختار | B38: متفائل | C38: =MATCH(B38,$B$5:$E$5,0) -> 2 | D38: ← رقم السيناريو
A40: الفئة | B40: الإيراد الحالي | C40: الإيراد المتوقع | D40: مجمل الربح الحالي | E40: مجمل الربح المتوقع | F40: التغيّر
A41: إلكترونيات | B41: =SUMIFS(d_Rev,d_Cat,$A41) -> 524652.5 | C41: =B41*(1+INDEX($B$6:$E$6,$C$38))*(1+INDEX($B$7:$E$7,$C$38)) -> 605973.64 | D41: =SUMIFS(d_Profit,d_Cat,$A41) -> 123282.5 | E41: =C41-SUMIFS(d_Cost,d_Cat,$A41)*(1+INDEX($B$7:$E$7,$C$38))*(1+INDEX($B$8:$E$8,$C$38)) -> 155636.5 | F41: =E41-D41 -> 32353.998
A42: أجهزة منزلية | B42: =SUMIFS(d_Rev,d_Cat,$A42) -> 260789 | C42: =B42*(1+INDEX($B$6:$E$6,$C$38))*(1+INDEX($B$7:$E$7,$C$38)) -> 301211.29 | D42: =SUMIFS(d_Profit,d_Cat,$A42) -> 83319 | E42: =C42-SUMIFS(d_Cost,d_Cat,$A42)*(1+INDEX($B$7:$E$7,$C$38))*(1+INDEX($B$8:$E$8,$C$38)) -> 102089.96 | F42: =E42-D42 -> 18770.955
A43: أثاث | B43: =SUMIFS(d_Rev,d_Cat,$A43) -> 583692.5 | C43: =B43*(1+INDEX($B$6:$E$6,$C$38))*(1+INDEX($B$7:$E$7,$C$38)) -> 674164.84 | D43: =SUMIFS(d_Profit,d_Cat,$A43) -> 219682.5 | E43: =C43-SUMIFS(d_Cost,d_Cat,$A43)*(1+INDEX($B$7:$E$7,$C$38))*(1+INDEX($B$8:$E$8,$C$38)) -> 265745.62 | F43: =E43-D43 -> 46063.117
A44: مستلزمات مكتبية | B44: =SUMIFS(d_Rev,d_Cat,$A44) -> 333618.5 | C44: =B44*(1+INDEX($B$6:$E$6,$C$38))*(1+INDEX($B$7:$E$7,$C$38)) -> 385329.37 | D44: =SUMIFS(d_Profit,d_Cat,$A44) -> 107613.5 | E44: =C44-SUMIFS(d_Cost,d_Cat,$A44)*(1+INDEX($B$7:$E$7,$C$38))*(1+INDEX($B$8:$E$8,$C$38)) -> 131751.76 | F44: =E44-D44 -> 24138.257
A45: رياضة | B45: =SUMIFS(d_Rev,d_Cat,$A45) -> 187066 | C45: =B45*(1+INDEX($B$6:$E$6,$C$38))*(1+INDEX($B$7:$E$7,$C$38)) -> 216061.23 | D45: =SUMIFS(d_Profit,d_Cat,$A45) -> 64256 | E45: =C45-SUMIFS(d_Cost,d_Cat,$A45)*(1+INDEX($B$7:$E$7,$C$38))*(1+INDEX($B$8:$E$8,$C$38)) -> 78268.41 | F45: =E45-D45 -> 14012.41
A46: عناية شخصية | B46: =SUMIFS(d_Rev,d_Cat,$A46) -> 246771 | C46: =B46*(1+INDEX($B$6:$E$6,$C$38))*(1+INDEX($B$7:$E$7,$C$38)) -> 285020.51 | D46: =SUMIFS(d_Profit,d_Cat,$A46) -> 117361 | E46: =C46-SUMIFS(d_Cost,d_Cat,$A46)*(1+INDEX($B$7:$E$7,$C$38))*(1+INDEX($B$8:$E$8,$C$38)) -> 139822.48 | F46: =E46-D46 -> 22461.485
A47: الإجمالي | B47: =SUM(B41:B46) -> 2136589.5 | C47: =SUM(C41:C46) -> 2467760.9 | D47: =SUM(D41:D46) -> 715514.5 | E47: =SUM(E41:E46) -> 873314.72 | F47: =SUM(F41:F46) -> 157800.22

Sheet جودة البيانات
A1: جودة البيانات ومطابقة الإجماليات
A2: ↩ الفهرس | B2: فحوصات آلية على سلامة البيانات + تسوية الإجماليات بين كل أوراق التحليل
A3: درجة الجودة الإجمالية | B3: =IFERROR(COUNTIF(D6:D28,"سليم")/(COUNTIF(D6:D28,"سليم")+COUNTIF(D6:D28,"مراجعة")),0) -> 1
A4: أولاً: فحوصات السلامة
A5: الفحص | B5: النتيجة | C5: الحد المسموح | D5: الحالة | E5: الوصف
A6: إجمالي السجلات | B6: =ROWS(d_Order) -> 1500 | C6: — | D6: معلومة | E6: عدد أسطر المبيعات في جدول البيانات
A7: أرقام طلبات مكررة | B7: =SUMPRODUCT((COUNTIF(d_Order,d_Order)>1)*1) -> 0 | C7: 0 | D7: =IF(B7<=C7,"سليم","مراجعة") -> سليم | E7: كل رقم طلب يجب أن يظهر مرة واحدة
A8: تواريخ فارغة | B8: =COUNTBLANK(d_Date) -> 0 | C8: 0 | D8: =IF(B8<=C8,"سليم","مراجعة") -> سليم | E8: لا يجوز وجود طلب بلا تاريخ
A9: عملاء فارغون | B9: =COUNTBLANK(d_Cust) -> 0 | C9: 0 | D9: =IF(B9<=C9,"سليم","مراجعة") -> سليم | E9: كل طلب مرتبط بعميل
A10: منتجات فارغة | B10: =COUNTBLANK(d_PID) -> 0 | C10: 0 | D10: =IF(B10<=C10,"سليم","مراجعة") -> سليم | E10: كل طلب مرتبط بمنتج
A11: عملاء غير موجودين في ملف العملاء | B11: =SUMPRODUCT(--ISNA(MATCH(d_Cust,c_ID,0))) -> 0 | C11: 0 | D11: =IF(B11<=C11,"سليم","مراجعة") -> سليم | E11: سلامة المفتاح الأجنبي
A12: منتجات غير موجودة في ملف المنتجات | B12: =SUMPRODUCT(--ISNA(MATCH(d_PID,p_ID,0))) -> 0 | C12: 0 | D12: =IF(B12<=C12,"سليم","مراجعة") -> سليم | E12: سلامة المفتاح الأجنبي
A13: كميات غير صالحة (≤ 0) | B13: =COUNTIF(d_Qty,"<=0") -> 0 | C13: 0 | D13: =IF(B13<=C13,"سليم","مراجعة") -> سليم | E13: الكمية عدد صحيح موجب
A14: خصومات خارج النطاق (<0 أو >50%) | B14: =COUNTIF(d_Disc,"<0")+COUNTIF(d_Disc,">0.5") -> 0 | C14: 0 | D14: =IF(B14<=C14,"سليم","مراجعة") -> سليم | E14: الخصم بين 0% و50%
A15: تواريخ خارج فترة التحليل | B15: =COUNTIF(d_Date,"<"&'تحليل الزمن'!$A$5)+COUNTIF(d_Date,">"&(EDATE('تحليل الزمن'!$A$5,12)-1)) -> 0 | C15: 0 | D15: =IF(B15<=C15,"سليم","مراجعة") -> سليم | E15: الفترة 12 شهراً من أول شهر
A16: طلبات بربح سالب | B16: =COUNTIF(d_Profit,"<0") -> 0 | C16: 0 | D16: =IF(B16<=C16,"سليم","مراجعة") -> سليم | E16: بيع بأقل من التكلفة
A17: قيم شاذة في قيمة الطلب | B17: ='الإحصاء والتنبؤ'!B24 -> 105 | C17: =ROUND(0.1*B6,0) -> 150 | D17: =IF(B17<=C17,"سليم","مراجعة") -> سليم | E17: مسموح حتى 10% من الطلبات (قاعدة تيوكي؛ توزيع ملتوٍ طبيعي)
A19: ثانياً: مطابقة إجمالي الإيراد بين الأوراق
A20: المصدر | B20: الإيراد (ريال) | C20: الفرق عن البيانات | D20: الحالة | E20: الورقة
A21: جدول البيانات (المرجع) | B21: =SUM(d_Rev) -> 2136589.5 | C21: =B21-$B$21 -> 0 | D21: =IF(ABS(C21)<=0.01,"سليم","مراجعة") -> سليم | E21: البيانات
A22: حسب الفئات | B22: ='الفئات والمناطق'!B12 -> 2136589.5 | C22: =B22-$B$21 -> 0 | D22: =IF(ABS(C22)<=0.01,"سليم","مراجعة") -> سليم | E22: الفئات والمناطق
A23: حسب المناطق | B23: ='الفئات والمناطق'!B20 -> 2136589.5 | C23: =B23-$B$21 -> 0 | D23: =IF(ABS(C23)<=0.01,"سليم","مراجعة") -> سليم | E23: الفئات والمناطق
A24: حسب القنوات | B24: ='الفئات والمناطق'!B27 -> 2136589.5 | C24: =B24-$B$21 -> 0 | D24: =IF(ABS(C24)<=0.01,"سليم","مراجعة") -> سليم | E24: الفئات والمناطق
A25: حسب الأشهر | B25: ='تحليل الزمن'!C17 -> 2136589.5 | C25: =B25-$B$21 -> 0 | D25: =IF(ABS(C25)<=0.01,"سليم","مراجعة") -> سليم | E25: تحليل الزمن
A26: حسب المنتجات | B26: ='تحليل المنتجات'!E30 -> 2136589.5 | C26: =B26-$B$21 -> 0 | D26: =IF(ABS(C26)<=0.01,"سليم","مراجعة") -> سليم | E26: تحليل المنتجات
A27: حسب العملاء | B27: =SUM('تحليل العملاء'!F21:F220) -> 2136589.5 | C27: =B27-$B$21 -> 0 | D27: =IF(ABS(C27)<=0.01,"سليم","مراجعة") -> سليم | E27: تحليل العملاء
A28: حسب الموظفين | B28: =الموظفون!E15 -> 2136589.5 | C28: =B28-$B$21 -> 0 | D28: =IF(ABS(C28)<=0.01,"سليم","مراجعة") -> سليم | E28: الموظفون

Sheet البيانات
A1: رقم الطلب | B1: التاريخ | C1: رقم العميل | D1: اسم العميل | E1: المنطقة | F1: رقم المنتج | G1: المنتج | H1: الفئة | I1: الموظف | J1: القناة | K1: الكمية | L1: سعر الوحدة | M1: الخصم | N1: الحالة | O1: الإيراد الصافي | P1: التكلفة | Q1: الربح | R1: الفترة (شهر) | S1: الربع | T1: هامش الربح | U1: إيراد الطلب المكتمل | W1: ↩ الفهرس
A2: ORD-00001 | B2: 45931 | C2: C039 | D2: =IFERROR(INDEX(c_Name,MATCH($C2,c_ID,0)),"غير معرّف") -> ريم التميمي | E2: =IFERROR(INDEX(c_Region,MATCH($C2,c_ID,0)),"غير معرّف") -> الشرقية | F2: P006 | G2: =IFERROR(INDEX(p_Name,MATCH($F2,p_ID,0)),"غير معرّف") -> خلاط | H2: =IFERROR(INDEX(p_Cat,MATCH($F2,p_ID,0)),"غير معرّف") -> أجهزة منزلية | I2: شهد الكعبي | J2: أونلاين | K2: 2 | L2: =IFERROR(INDEX(p_Price,MATCH($F2,p_ID,0)),0) -> 300 | M2: 0 | N2: مكتمل | O2: =IF($N2="مرتجع",0,K2*L2*(1-M2)) -> 600 | P2: =IF($N2="مرتجع",0,K2*IFERROR(INDEX(p_Cost,MATCH($F2,p_ID,0)),0)) -> 350 | Q2: =O2-P2 -> 250 | R2: =DATE(YEAR(B2),MONTH(B2),1) -> 45931 | S2: =YEAR(B2)&"-Q"&ROUNDUP(MONTH(B2)/3,0) -> 2025-Q4 | T2: =IF(O2>0,Q2/O2,"") -> 0.41666667 | U2: =IF(O2>0,O2,"") -> 600
A3: ORD-00002 | B3: 45932 | C3: C126 | D3: =IFERROR(INDEX(c_Name,MATCH($C3,c_ID,0)),"غير معرّف") -> منى الحربي | E3: =IFERROR(INDEX(c_Region,MATCH($C3,c_ID,0)),"غير معرّف") -> الوسطى | F3: P003 | G3: =IFERROR(INDEX(p_Name,MATCH($F3,p_ID,0)),"غير معرّف") -> سماعات لاسلكية | H3: =IFERROR(INDEX(p_Cat,MATCH($F3,p_ID,0)),"غير معرّف") -> إلكترونيات | I3: منصور الراشد | J3: أونلاين | K3: 2 | L3: =IFERROR(INDEX(p_Price,MATCH($F3,p_ID,0)),0) -> 450 | M3: 0 | N3: مكتمل | O3: =IF($N3="مرتجع",0,K3*L3*(1-M3)) -> 900 | P3: =IF($N3="مرتجع",0,K3*IFERROR(INDEX(p_Cost,MATCH($F3,p_ID,0)),0)) -> 520 | Q3: =O3-P3 -> 380 | R3: =DATE(YEAR(B3),MONTH(B3),1) -> 45931 | S3: =YEAR(B3)&"-Q"&ROUNDUP(MONTH(B3)/3,0) -> 2025-Q4 | T3: =IF(O3>0,Q3/O3,"") -> 0.42222222 | U3: =IF(O3>0,O3,"") -> 900
A4: ORD-00003 | B4: 45932 | C4: C197 | D4: =IFERROR(INDEX(c_Name,MATCH($C4,c_ID,0)),"غير معرّف") -> عبدالله القحطاني | E4: =IFERROR(INDEX(c_Region,MATCH($C4,c_ID,0)),"غير معرّف") -> الوسطى | F4: P012 | G4: =IFERROR(INDEX(p_Name,MATCH($F4,p_ID,0)),"غير معرّف") -> رف كتب | H4: =IFERROR(INDEX(p_Cat,MATCH($F4,p_ID,0)),"غير معرّف") -> أثاث | I4: منصور الراشد | J4: أونلاين | K4: 1 | L4: =IFERROR(INDEX(p_Price,MATCH($F4,p_ID,0)),0) -> 400 | M4: 0 | N4: مكتمل | O4: =IF($N4="مرتجع",0,K4*L4*(1-M4)) -> 400 | P4: =IF($N4="مرتجع",0,K4*IFERROR(INDEX(p_Cost,MATCH($F4,p_ID,0)),0)) -> 220 | Q4: =O4-P4 -> 180 | R4: =DATE(YEAR(B4),MONTH(B4),1) -> 45931 | S4: =YEAR(B4)&"-Q"&ROUNDUP(MONTH(B4)/3,0) -> 2025-Q4 | T4: =IF(O4>0,Q4/O4,"") -> 0.45 | U4: =IF(O4>0,O4,"") -> 400
A5: ORD-00004 | B5: 45932 | C5: C197 | D5: =IFERROR(INDEX(c_Name,MATCH($C5,c_ID,0)),"غير معرّف") -> عبدالله القحطاني | E5: =IFERROR(INDEX(c_Region,MATCH($C5,c_ID,0)),"غير معرّف") -> الوسطى | F5: P012 | G5: =IFERROR(INDEX(p_Name,MATCH($F5,p_ID,0)),"غير معرّف") -> رف كتب | H5: =IFERROR(INDEX(p_Cat,MATCH($F5,p_ID,0)),"غير معرّف") -> أثاث | I5: عبدالرحمن السالم | J5: أونلاين | K5: 1 | L5: =IFERROR(INDEX(p_Price,MATCH($F5,p_ID,0)),0) -> 400 | M5: 0 | N5: مكتمل | O5: =IF($N5="مرتجع",0,K5*L5*(1-M5)) -> 400 | P5: =IF($N5="مرتجع",0,K5*IFERROR(INDEX(p_Cost,MATCH($F5,p_ID,0)),0)) -> 220 | Q5: =O5-P5 -> 180 | R5: =DATE(YEAR(B5),MONTH(B5),1) -> 45931 | S5: =YEAR(B5)&"-Q"&ROUNDUP(MONTH(B5)/3,0) -> 2025-Q4 | T5: =IF(O5>0,Q5/O5,"") -> 0.45 | U5: =IF(O5>0,O5,"") -> 400
A6: ORD-00005 | B6: 45932 | C6: C130 | D6: =IFERROR(INDEX(c_Name,MATCH($C6,c_ID,0)),"غير معرّف") -> دانة المطيري | E6: =IFERROR(INDEX(c_Region,MATCH($C6,c_ID,0)),"غير معرّف") -> الشرقية | F6: P014 | G6: =IFERROR(INDEX(p_Name,MATCH($F6,p_ID,0)),"غير معرّف") -> ورق A4 (صندوق) | H6: =IFERROR(INDEX(p_Cat,MATCH($F6,p_ID,0)),"غير معرّف") -> مستلزمات مكتبية | I6: رائد العمري | J6: أونلاين | K6: 2 | L6: =IFERROR(INDEX(p_Price,MATCH($F6,p_ID,0)),0) -> 140 | M6: 0.1 | N6: مكتمل | O6: =IF($N6="مرتجع",0,K6*L6*(1-M6)) -> 252 | P6: =IF($N6="مرتجع",0,K6*IFERROR(INDEX(p_Cost,MATCH($F6,p_ID,0)),0)) -> 190 | Q6: =O6-P6 -> 62 | R6: =DATE(YEAR(B6),MONTH(B6),1) -> 45931 | S6: =YEAR(B6)&"-Q"&ROUNDUP(MONTH(B6)/3,0) -> 2025-Q4 | T6: =IF(O6>0,Q6/O6,"") -> 0.24603175 | U6: =IF(O6>0,O6,"") -> 252
A7: ORD-00006 | B7: 45932 | C7: C174 | D7: =IFERROR(INDEX(c_Name,MATCH($C7,c_ID,0)),"غير معرّف") -> طارق التميمي | E7: =IFERROR(INDEX(c_Region,MATCH($C7,c_ID,0)),"غير معرّف") -> الوسطى | F7: P016 | G7: =IFERROR(INDEX(p_Name,MATCH($F7,p_ID,0)),"غير معرّف") -> طقم أدوات مكتبية | H7: =IFERROR(INDEX(p_Cat,MATCH($F7,p_ID,0)),"غير معرّف") -> مستلزمات مكتبية | I7: منصور الراشد | J7: أونلاين | K7: 8 | L7: =IFERROR(INDEX(p_Price,MATCH($F7,p_ID,0)),0) -> 90 | M7: 0.05 | N7: مرتجع | O7: =IF($N7="مرتجع",0,K7*L7*(1-M7)) -> 0 | P7: =IF($N7="مرتجع",0,K7*IFERROR(INDEX(p_Cost,MATCH($F7,p_ID,0)),0)) -> 0 | Q7: =O7-P7 -> 0 | R7: =DATE(YEAR(B7),MONTH(B7),1) -> 45931 | S7: =YEAR(B7)&"-Q"&ROUNDUP(MONTH(B7)/3,0) -> 2025-Q4 | T7: =IF(O7>0,Q7/O7,"") | U7: =IF(O7>0,O7,"")
A8: ORD-00007 | B8: 45933 | C8: C080 | D8: =IFERROR(INDEX(c_Name,MATCH($C8,c_ID,0)),"غير معرّف") -> لمى الحسيني | E8: =IFERROR(INDEX(c_Region,MATCH($C8,c_ID,0)),"غير معرّف") -> الوسطى | F8: P019 | G8: =IFERROR(INDEX(p_Name,MATCH($F8,p_ID,0)),"غير معرّف") -> طقم أوزان | H8: =IFERROR(INDEX(p_Cat,MATCH($F8,p_ID,0)),"غير معرّف") -> رياضة | I8: منصور الراشد | J8: متجر | K8: 1 | L8: =IFERROR(INDEX(p_Price,MATCH($F8,p_ID,0)),0) -> 380 | M8: 0 | N8: مكتمل | O8: =IF($N8="مرتجع",0,K8*L8*(1-M8)) -> 380 | P8: =IF($N8="مرتجع",0,K8*IFERROR(INDEX(p_Cost,MATCH($F8,p_ID,0)),0)) -> 210 | Q8: =O8-P8 -> 170 | R8: =DATE(YEAR(B8),MONTH(B8),1) -> 45931 | S8: =YEAR(B8)&"-Q"&ROUNDUP(MONTH(B8)/3,0) -> 2025-Q4 | T8: =IF(O8>0,Q8/O8,"") -> 0.44736842 | U8: =IF(O8>0,O8,"") -> 380
A9: ORD-00008 | B9: 45933 | C9: C151 | D9: =IFERROR(INDEX(c_Name,MATCH($C9,c_ID,0)),"غير معرّف") -> دانة العتيبي | E9: =IFERROR(INDEX(c_Region,MATCH($C9,c_ID,0)),"غير معرّف") -> الشرقية | F9: P003 | G9: =IFERROR(INDEX(p_Name,MATCH($F9,p_ID,0)),"غير معرّف") -> سماعات لاسلكية | H9: =IFERROR(INDEX(p_Cat,MATCH($F9,p_ID,0)),"غير معرّف") -> إلكترونيات | I9: شهد الكعبي | J9: متجر | K9: 19 | L9: =IFERROR(INDEX(p_Price,MATCH($F9,p_ID,0)),0) -> 450 | M9: 0.05 | N9: مكتمل | O9: =IF($N9="مرتجع",0,K9*L9*(1-M9)) -> 8122.5 | P9: =IF($N9="مرتجع",0,K9*IFERROR(INDEX(p_Cost,MATCH($F9,p_ID,0)),0)) -> 4940 | Q9: =O9-P9 -> 3182.5 | R9: =DATE(YEAR(B9),MONTH(B9),1) -> 45931 | S9: =YEAR(B9)&"-Q"&ROUNDUP(MONTH(B9)/3,0) -> 2025-Q4 | T9: =IF(O9>0,Q9/O9,"") -> 0.39181287 | U9: =IF(O9>0,O9,"") -> 8122.5
A10: ORD-00009 | B10: 45933 | C10: C137 | D10: =IFERROR(INDEX(c_Name,MATCH($C10,c_ID,0)),"غير معرّف") -> خالد الحربي | E10: =IFERROR(INDEX(c_Region,MATCH($C10,c_ID,0)),"غير معرّف") -> الغربية | F10: P017 | G10: =IFERROR(INDEX(p_Name,MATCH($F10,p_ID,0)),"غير معرّف") -> جهاز مشي | H10: =IFERROR(INDEX(p_Cat,MATCH($F10,p_ID,0)),"غير معرّف") -> رياضة | I10: ماجد النعيمي | J10: متجر | K10: 1 | L10: =IFERROR(INDEX(p_Price,MATCH($F10,p_ID,0)),0) -> 3200 | M10: 0 | N10: مكتمل | O10: =IF($N10="مرتجع",0,K10*L10*(1-M10)) -> 3200 | P10: =IF($N10="مرتجع",0,K10*IFERROR(INDEX(p_Cost,MATCH($F10,p_ID,0)),0)) -> 2200 | Q10: =O10-P10 -> 1000 | R10: =DATE(YEAR(B10),MONTH(B10),1) -> 45931 | S10: =YEAR(B10)&"-Q"&ROUNDUP(MONTH(B10)/3,0) -> 2025-Q4 | T10: =IF(O10>0,Q10/O10,"") -> 0.3125 | U10: =IF(O10>0,O10,"") -> 3200
A11: ORD-00010 | B11: 45933 | C11: C184 | D11: =IFERROR(INDEX(c_Name,MATCH($C11,c_ID,0)),"غير معرّف") -> سارة القحطاني | E11: =IFERROR(INDEX(c_Region,MATCH($C11,c_ID,0)),"غير معرّف") -> الشرقية | F11: P023 | G11: =IFERROR(INDEX(p_Name,MATCH($F11,p_ID,0)),"غير معرّف") -> مجفف شعر | H11: =IFERROR(INDEX(p_Cat,MATCH($F11,p_ID,0)),"غير معرّف") -> عناية شخصية | I11: رائد العمري | J11: أونلاين | K11: 1 | L11: =IFERROR(INDEX(p_Price,MATCH($F11,p_ID,0)),0) -> 280 | M11: 0.05 | N11: مكتمل | O11: =IF($N11="مرتجع",0,K11*L11*(1-M11)) -> 266 | P11: =IF($N11="مرتجع",0,K11*IFERROR(INDEX(p_Cost,MATCH($F11,p_ID,0)),0)) -> 140 | Q11: =O11-P11 -> 126 | R11: =DATE(YEAR(B11),MONTH(B11),1) -> 45931 | S11: =YEAR(B11)&"-Q"&ROUNDUP(MONTH(B11)/3,0) -> 2025-Q4 | T11: =IF(O11>0,Q11/O11,"") -> 0.47368421 | U11: =IF(O11>0,O11,"") -> 266
A12: ORD-00011 | B12: 45934 | C12: C133 | D12: =IFERROR(INDEX(c_Name,MATCH($C12,c_ID,0)),"غير معرّف") -> عبير الدوسري | E12: =IFERROR(INDEX(c_Region,MATCH($C12,c_ID,0)),"غير معرّف") -> الشرقية | F12: P004 | G12: =IFERROR(INDEX(p_Name,MATCH($F12,p_ID,0)),"غير معرّف") -> شاشة 27 بوصة | H12: =IFERROR(INDEX(p_Cat,MATCH($F12,p_ID,0)),"غير معرّف") -> إلكترونيات | I12: رائد العمري | J12: أونلاين | K12: 2 | L12: =IFERROR(INDEX(p_Price,MATCH($F12,p_ID,0)),0) -> 1100 | M12: 0.05 | N12: مكتمل | O12: =IF($N12="مرتجع",0,K12*L12*(1-M12)) -> 2090 | P12: =IF($N12="مرتجع",0,K12*IFERROR(INDEX(p_Cost,MATCH($F12,p_ID,0)),0)) -> 1560 | Q12: =O12-P12 -> 530 | R12: =DATE(YEAR(B12),MONTH(B12),1) -> 45931 | S12: =YEAR(B12)&"-Q"&ROUNDUP(MONTH(B12)/3,0) -> 2025-Q4 | T12: =IF(O12>0,Q12/O12,"") -> 0.25358852 | U12: =IF(O12>0,O12,"") -> 2090
A13: ORD-00012 | B13: 45934 | C13: C091 | D13: =IFERROR(INDEX(c_Name,MATCH($C13,c_ID,0)),"غير معرّف") -> نورة البلوي | E13: =IFERROR(INDEX(c_Region,MATCH($C13,c_ID,0)),"غير معرّف") -> الغربية | F13: P008 | G13: =IFERROR(INDEX(p_Name,MATCH($F13,p_ID,0)),"غير معرّف") -> قلاية هوائية | H13: =IFERROR(INDEX(p_Cat,MATCH($F13,p_ID,0)),"غير معرّف") -> أجهزة منزلية | I13: لجين القاسم | J13: متجر | K13: 4 | L13: =IFERROR(INDEX(p_Price,MATCH($F13,p_ID,0)),0) -> 520 | M13: 0 | N13: مكتمل | O13: =IF($N13="مرتجع",0,K13*L13*(1-M13)) -> 2080 | P13: =IF($N13="مرتجع",0,K13*IFERROR(INDEX(p_Cost,MATCH($F13,p_ID,0)),0)) -> 1200 | Q13: =O13-P13 -> 880 | R13: =DATE(YEAR(B13),MONTH(B13),1) -> 45931 | S13: =YEAR(B13)&"-Q"&ROUNDUP(MONTH(B13)/3,0) -> 2025-Q4 | T13: =IF(O13>0,Q13/O13,"") -> 0.42307692 | U13: =IF(O13>0,O13,"") -> 2080
... A1501: ORD-01500 | B1501: 46295 | C1501: C104 | D1501: =IFERROR(INDEX(c_Name,MATCH($C1501,c_ID,0)),"غير معرّف") -> نورة الحربي | E1501: =IFERROR(INDEX(c_Region,MATCH($C1501,c_ID,0)),"غير معرّف") -> الشرقية | F1501: P008 | G1501: =IFERROR(INDEX(p_Name,MATCH($F1501,p_ID,0)),"غير معرّف") -> قلاية هوائية | H1501: =IFERROR(INDEX(p_Cat,MATCH($F1501,p_ID,0)),"غير معرّف") -> أجهزة منزلية | I1501: شهد الكعبي | J1501: أونلاين | K1501: 1 | L1501: =IFERROR(INDEX(p_Price,MATCH($F1501,p_ID,0)),0) -> 520 | M1501: 0.05 | N1501: مكتمل | O1501: =IF($N1501="مرتجع",0,K1501*L1501*(1-M1501)) -> 494 | P1501: =IF($N1501="مرتجع",0,K1501*IFERROR(INDEX(p_Cost,MATCH($F1501,p_ID,0)),0)) -> 300 | Q1501: =O1501-P1501 -> 194 | R1501: =DATE(YEAR(B1501),MONTH(B1501),1) -> 46266 | S1501: =YEAR(B1501)&"-Q"&ROUNDUP(MONTH(B1501)/3,0) -> 2026-Q3 | T1501: =IF(O1501>0,Q1501/O1501,"") -> 0.39271255 | U1501: =IF(O1501>0,O1501,"") -> 494

Sheet المنتجات
A1: رقم المنتج | B1: اسم المنتج | C1: الفئة | D1: سعر البيع (ريال) | E1: التكلفة (ريال) | F1: هامش الوحدة % | H1: الأسعار والتكاليف (الخط الأزرق) مدخلات رئيسية؛ أي تعديل عليها ينعكس على كل التحليلات.
A2: P001 | B2: هاتف ذكي | C2: إلكترونيات | D2: 2400 | E2: 1750 | F2: =IFERROR((D2-E2)/D2,0) -> 0.27083333
A3: P002 | B3: حاسوب محمول | C3: إلكترونيات | D3: 3800 | E3: 2900 | F3: =IFERROR((D3-E3)/D3,0) -> 0.23684211
A4: P003 | B4: سماعات لاسلكية | C4: إلكترونيات | D4: 450 | E4: 260 | F4: =IFERROR((D4-E4)/D4,0) -> 0.42222222
A5: P004 | B5: شاشة 27 بوصة | C5: إلكترونيات | D5: 1100 | E5: 780 | F5: =IFERROR((D5-E5)/D5,0) -> 0.29090909
A6: P005 | B6: مكنسة كهربائية | C6: أجهزة منزلية | D6: 650 | E6: 420 | F6: =IFERROR((D6-E6)/D6,0) -> 0.35384615
A7: P006 | B7: خلاط | C7: أجهزة منزلية | D7: 300 | E7: 175 | F7: =IFERROR((D7-E7)/D7,0) -> 0.41666667
A8: P007 | B8: مكيف نقال | C8: أجهزة منزلية | D8: 1900 | E8: 1350 | F8: =IFERROR((D8-E8)/D8,0) -> 0.28947368
A9: P008 | B9: قلاية هوائية | C9: أجهزة منزلية | D9: 520 | E9: 300 | F9: =IFERROR((D9-E9)/D9,0) -> 0.42307692
A10: P009 | B10: مكتب عمل | C10: أثاث | D10: 1200 | E10: 700 | F10: =IFERROR((D10-E10)/D10,0) -> 0.41666667
A11: P010 | B11: كرسي مريح | C11: أثاث | D11: 850 | E11: 480 | F11: =IFERROR((D11-E11)/D11,0) -> 0.43529412
A12: P011 | B12: خزانة ملفات | C12: أثاث | D12: 700 | E12: 410 | F12: =IFERROR((D12-E12)/D12,0) -> 0.41428571
A13: P012 | B13: رف كتب | C13: أثاث | D13: 400 | E13: 220 | F13: =IFERROR((D13-E13)/D13,0) -> 0.45
... A25: P024 | B25: جهاز تدليك | C25: عناية شخصية | D25: 600 | E25: 330 | F25: =IFERROR((D25-E25)/D25,0) -> 0.45

Sheet العملاء
A1: رقم العميل | B1: اسم العميل | C1: نوع العميل | D1: المدينة | E1: المنطقة | F1: تاريخ الانضمام
A2: C001 | B2: محمد الدوسري | C2: أفراد | D2: الخبر | E2: الشرقية | F2: 44592
A3: C002 | B3: سلمان الخالدي | C3: شركات صغيرة | D3: الدمام | E3: الشرقية | F3: 45448
A4: C003 | B4: هند الخالدي | C4: أفراد | D4: القصيم | E4: الوسطى | F4: 45726
A5: C004 | B5: ليلى الزهراني | C5: أفراد | D5: الأحساء | E5: الشرقية | F5: 44929
A6: C005 | B6: ناصر البلوي | C6: أفراد | D6: القصيم | E6: الوسطى | F6: 45503
A7: C006 | B7: محمد البلوي | C7: أفراد | D7: الرياض | E7: الوسطى | F7: 45096
A8: C007 | B8: سارة البلوي | C8: أفراد | D8: المدينة | E8: الغربية | F8: 44756
A9: C008 | B9: سلمان الحربي | C9: أفراد | D9: مكة | E9: الغربية | F9: 45809
A10: C009 | B10: سارة العنزي | C10: أفراد | D10: مكة | E10: الغربية | F10: 45264
A11: C010 | B11: فهد الزهراني | C11: أفراد | D11: جازان | E11: الجنوبية | F11: 44981
A12: C011 | B12: ياسر الغامدي | C12: أفراد | D12: القصيم | E12: الوسطى | F12: 45669
A13: C012 | B13: محمد الحربي | C13: أفراد | D13: المدينة | E13: الغربية | F13: 45251
... A201: C200 | B201: ياسر السبيعي | C201: أفراد | D201: الخبر | E201: الشرقية | F201: 45731
